Channel Title,Channel Username,ID,Message,Date,Media Path
Doctors Ethiopia,doctorset,864,"https://youtu.be/5DBoEm-8kmA?si=LDLuEecNfULJVDzL   ­ЪЉѕ­ЪЉѕ

рЅарЅђріЋ ріаріЋрІ┤ рЅЦрЅ╗ рІерѕџрЅБрѕѕрІЇ рІерЅбрІЮріљрѕх ріарѕЏріФрѕф 

рЅа 10,000 рЅЦрѕГ рЅЦрЅ╗ рІерЅ░рїђрѕўрѕе рЅбрІЮріљрѕх ріЦрѕхріе рѕџрѕірІеріќрЅй рІФрІерїѕрІЇ рІерЇЋрѕФрїЇрѕЏ рібріЋрЅерѕхрЅхрѕўріЋрЅх рѕўрѕхрѕФрЅй рѕўрѕГрІх рЅЦрѕхрѕФрЅх 

рЅЦрѕІріГ рѕЏрѕГрігрЅх рІІрїІ рѕЏріљрІЇ рѕџрЅ░рѕЮріљрІЇ ?

рібрЅхрІ«рїхрІФ рІЇрѕхрїЦ рЅбрІЮріљрѕх рѕѕрѕўрїђрѕўрѕГ рїЦрѕЕ рѕ░ріарЅх ріљрІЇ рІѕрІГ ??

3 рЅбрІЮріљрѕх рѕхріЋрїђрѕЮрѕГ рІерѕЮріЋрѕ░рѕФрІЇ рѕхрѕЁрЅ░рЅХрЅй !

ріарѕЂріЉріЉ рІГрѕўрѕЇріерЅ░рЅ▒  ­ЪЉЄ­ЪЉЄ

https://youtu.be/5DBoEm-8kmA?si=LDLuEecNfULJVDzL",2023-12-18 17:04:02+00:00,
Doctors Ethiopia,doctorset,863,"рІХріГрЅ░рѕГрѕх рібрЅхрІ«рїхрІФ рЅа ріарІ▓рѕх ріарЅђрѕФрѕерЅЦ рЅа рЅ┤рѕїрЅфрІЦріЋ рЇЋрѕ«рїЇрѕФрѕЎріЋ рѕѕрѕўрїђрѕўрѕГ ріерЇІрЅ░ріЏ рІЮрїЇрїЁрЅх рЅарѕЏрІхрѕерїЇ рѕІрІГ рІГрїѕріЏрѕЇ рЇб

рІЕрѕЃріЋрѕх рїЇрѕГрѕЏ рїєріњ ( рЅа рЅ▓ріГрЅХріГ ріе 500,000) рЅарѕІрІГ рЅ░ріерЅ│рІГ рІФрїѕріўрІЇ ріе ріарѕюрѕфріФ рІѕрІ░ рібрЅхрІ«рїхрІФ 
рїѕріЋрІ│ рІЇрѕхрїЦ ріерѕўрЅ░ріЏрЅх ріЦрѕхріе ріерЇІрЅ░ріЏ рЅ░ріерЇІрІГ рЅарібрЅхрІ«рїхрІФ ( 1 take production ) рЅарѕўрЅБрѕЇ рІерѕџрЅ│рІѕрЅђрІЇ рІЕрѕЃріЋрѕх рїЇрѕГрѕЏ ( рїєріњ) 

ріерІ▓рЇЋрѕгрѕйріЋ ріЦрѕхріе рЅ│рІІрЅѓріљрЅхріЋ рІФрЅ░рѕерЇѕрІЇ рїєріњ 

ріарѕЂріЉріЉ рІГрѕўрѕЇріерЅ▒ ­ЪЉЄ

https://youtu.be/gwVN5eJQpko?si=xARsSxIEdZtE91GY",2023-11-03 16:14:39+00:00,
Doctors Ethiopia,doctorset,862,"рѕърЅх рЅарѕхрі│рѕГ 

рѕѕрѕЇрїєрЅ╗рЅйріЋ рІерѕЮріЊрѕ▓рІўрІЇ рѕЮрѕ│рЅЃ рѕ│ріЊрЅђрІЇ ріЦрІхрѕџрІФрЅИрІЇріЋ рІГрЅђріЋрѕ░рІЇ рІГрѕєріЋ 

рІерЅ│рѕИрїѕ рЅхріГріГрѕѕріЏ рїЂрѕх рібрЅхрІ«рїхрІФ рІЇрѕхрїЦ рІерѕѕрѕЮ...!

рѕЂрѕЅрѕЮ рІѕрѕІрїЁ рѕірІФрІерІЇ рІерѕџрїѕрЅБ

рІерЅ│рѕИрїЅ рїЂрѕХрЅй рѕўрїарїБрЅх ріЦрѕФрѕхріЋ рѕѕріерЇЇрЅ░ріЏ рїЅрІ│рЅх ріЦрѕхріе рѕърЅх рІхрѕерѕх рѕЏрїІрѕѕрїЦ ріљрІЇ !

рѕѕрѕЂрѕЅрѕЮ рібрі«ріќрѕџ рїцріЊріЋрѕЮ рІерѕџрїарЅЦрЅЁ ріарѕўрїІрїѕрЅЦ рІерЅ▒ ріљрІЇ??

https://youtu.be/oHiSRrNF7I0?si=Absgm414YSt_kjNq",2023-10-02 16:37:39+00:00,
Doctors Ethiopia,doctorset,861,"ріе HIV рІерЅ░рЇѕрІѕрѕ░ рѕ░рІЇ ріарїІрїЦрѕЪрЅйрѕЂ рІФрЅЃрѕЇ ? рЇѕрІЇрѕх ріЦріЊ рѕЁріГрѕЮріЊ ?

рѕЎрѕЅ рЅфрІ▓рІ«рІЇріЋ рЅ░рѕўрѕЇріГрЅ░рІЇ рѕЃрѕ│рЅЦ ріарѕхрЅ░рІФрІерЅХріЋ рІФріФрЇЇрѕЅріЋ ­ЪЉЄ­ЪЉЄ­ЪЉЄ­ЪЉЄ

https://youtu.be/tTeErZxIh_Q?si=jKHyfWcC3sfXbC8L",2023-09-16 07:54:32+00:00,
Doctors Ethiopia,doctorset,860,"рЅарЅЁрѕГрЅЦ рїірІю рЅарѕЃрїѕрѕФрЅйріЋ рѕІрІГ ріЦрІерЅ░рѕхрЅ░рІІрѕѕ рІФрѕѕ рІерЅ░рѕўрѕ│рѕ│рІГ рЇєрЅ│ ( Homosexuality ) рїЇрЅЦрѕе рѕ░рІХрѕЮ рЅарЅ░рѕѕрІФрІЕ рЅдрЅ│рІјрЅй рѕІрІГ ріЦрІерЅ│рІе рІГрїѕріЏрѕЇ

рІГрѕЁрѕЮ ріарїЦрЅЦрЅђріЋ рѕЮріЋрЅЃрІѕрѕўрІЇ рїЅрІ│рІГ рѕ▓рѕєріЋ 

- рІГрѕЁ рЅйрїЇрѕГ рЅарѕЁрѕЮріЊ рІГрѕѕрІФрѕЇ рІѕрІГ ?
- рЅЁрІхрѕў рѕЮрѕЇріГрЅх ріарѕѕрІЇ рІѕрІГ ?

рІѕрѕІрїєрЅй рѕЇрїєрЅ╗рЅйрѕЂріЋ ріЦріЋрІ┤рЅх рѕўрїарЅарЅЁ рЅхрЅйрѕІрѕѕрЅ╣ рѕЁріГрѕЮріЊрѕх ріарѕѕрІЇ рІѕрІГ ??

рЅарѕЮріЋрѕўрїѕрЅарІЇ рѕЮрїЇрЅЦ рѕірЅђрІГрѕЕрІеріЋ рІГрЅйрѕІрѕЅ рІѕрІГ ? 

ріарѕЂріЉріЉ рїѕрЅЦрЅ░рІЇ рѕЎрѕЅ рЅфрІ▓рІ«рІЇріЋ рІГрѕўрѕЇріерЅ▒ !

https://youtu.be/0k65P5ouw7s?si=qaUgo75bUa3AMQxD",2023-09-01 16:16:15+00:00,
Doctors Ethiopia,doctorset,859,"­ЪЉЄ­ЪЉЄ­ЪЉЄ­ЪЉЄ­ЪЉЄ­ЪЉЄ https://youtu.be/-AR1KO2DbFw?si=47cXLZtlmhx1Nlqc  
**
рІХріГрЅ░рѕГрѕх рібрЅхрІ«рїйрІФ рЅаріарІ▓рѕх рЇЋрѕ«рїѕрѕФрѕЮ рїђрѕўрѕе**

рѕЏрѕерїЦ  (**рѕюріќрЇќрІЮ ) рїІрѕГ рЅ░рІФрІГрІъ рІерѕџрѕўрїБ рѕ┤рЅХрЅй рѕІрІГ рІерѕџріерѕ░рЅх рІерїцріЊ рЅйрїЇрѕ«рЅй**

**рѕ┤рЅХрЅй рѕІрІГ рІерѕџріерѕ░рЅх рІе рїЇрЅЦрѕерѕхрїІ рїЇріЋріЎріљрЅх рѕхрѕюрЅх рѕўрЅђріљрѕх ?**


**рІерѕ┤рЅХрЅй рІерІѕрѕГ ріарЅарЅБ рїЇрІю ріЦріЊ рѕїрѕјрЅйрѕЮ рїЅрІ│рІ«рЅй рЅ░ріљрѕхрЅ░рІІрѕЇ ріарѕЂріЉріЉ рІГрѕўрѕЇріерЅ▒ !!
**

**ріе рЅ┤рѕїрЅфрІЦріЋ рЇЋрѕ«рїЇрѕФрѕърЅ╗рЅйріЋ рЅарЅ░рїерѕЏрѕф ріарІ▓рѕх рЅарѕЇрІЕ ріарЅђрѕФрѕерЅЦ рІГрЅарѕЇрїЦ рІеріЊріЋрЅ░ріЋ рІерЅ░рѕўрѕЇріФрЅй рїЦрІФрЅё рѕѕрѕўрѕўрѕѕрѕх **

рІГрѕЁріЋ рІерѕўрѕ░рѕѕ рЇЋрѕ«рїЇрѕФрѕЮ рІГрІўріЋ рѕўрЅ░ріЊрѕЇ 


рІерїцріЊ рїЦрІФрЅёрІјріЋ рѕѕрѕўрѕІріГ @doctorsEt 


https://youtu.be/-AR1KO2DbFw?si=47cXLZtlmhx1Nlqc",2023-08-29 17:20:05+00:00,
Doctors Ethiopia,doctorset,848,"ріГрѕерѕЮрЅ▒ріЋ рѕхрЇќрѕГрЅх рѕўрѕхрѕФрЅх ріарѕхрЅарІЇ рїѓрѕЮ рѕѕрѕўрїЇрЅБрЅх ріФрѕЇрЅ╗рѕЅ рЅБрѕЅрЅарЅх рЅдрЅ│ рѕєріљрІЇ

ріЦріљрІџрѕЁріЋ ріЦріЋрЅЁрѕхрЅЃрѕ┤рІјрЅй рЅарѕЏрІхрѕерїЇ рЅа ріарїГрѕГ рїЇрІю рІЇрѕхрїЦ рѕѕрІЇрїЦ рѕЏрѕЮрїБрЅх рІГрЅйрѕІрѕЅ 

ріЦрЅцрЅхрІј рѕєріљрІЇ рїарІјрЅх рІѕрІГріЋрѕЮ рѕЏрЅ│ рѕІрІГ рЅа 5 рІ░рЅЃрЅЃ рІЇрѕхрїЦ рЅЦрЅ╗ 

- рІерїјріЋ рЅдрѕГрїГ(рѕхрЅЦ) рѕѕрѕЏрїЦрЇІрЅх 
- рЅђріЋрІјріЋ рЅаріЋрЅЃрЅх рѕѕрѕўрїђрѕўрѕГ 

ріЦріљрІџрѕЁріЋ ріЦріЋрЅЁрѕхрЅЃрѕ┤рІјрЅй рІФрІхрѕГрїЅ 
рѕѕрѕЂрѕЅрѕЮ ріЦрІхрѕю ріГрѕЇрѕЇ рІерѕџрѕєріЋ ріЦріЋрЅЁрѕхрЅЃрѕ┤ рѕхрѕѕрѕєріљ ріе рЅцрЅ░рѕ░рЅд рїІрѕГ рѕўрѕхрѕФрЅх рІГрЅйрѕІрѕЅ !!

рѕіріЋріЕріЋ рЅарѕўрїФріЋ рІГрѕўрѕЇріерЅ▒ / рІХріГрЅ░рѕГрѕх рібрЅхрІ«рїхрІФ 
­ЪЉЄ­ЪЉЄ­ЪЉЄ­ЪЉЄ­ЪЉЄ
https://youtu.be/0uiTzjEbh90",2022-08-02 17:42:08+00:00,
Doctors Ethiopia,doctorset,847,"рѕхрЇќрѕГрЅх рІерѕўрѕхрѕФрЅх рѕ▒рѕх рІГріќрѕГ рІГрѕєріЋ?

рЅаріарѕЂріЉ рІѕрЅЁрЅх рЅЦрІЎ рІерѕхрЇќрѕГрЅх рѕўрѕхрѕфрІФ рЅдрЅ│рІјрЅй рЅ░рїеріЊріЋрЅђрІЇ рІГрЅ│рІФрѕЇ

рѕхрЇќрѕГрЅх рѕўрѕхрѕФрЅх рѕѕрїцріЊ рїарЅЃрѕџ рЅбрѕєріЋрѕЮ ріЦріЋрІ│ріЋрІх рїЇрІю рїЇріЋ ріерІЏ рЅарѕІрІГрѕЮ ріарѕЇрЇј рѕхрЇќрѕГрЅх ріФрѕЇрѕ░рѕФрІЇ рІ▓рЇЋрѕгрѕйріЋ рІЇрѕхрїЦ рїѕрЅБрѕѕрІЇ / рѕ░рІЇріљрЅ┤ рІГрЅарѕІрѕ╗рѕЇ рІерѕџрѕЅ рѕ░рІјрЅйрѕЮ ріарѕЅ!

рѕ▒рѕх рѕЏрѕѕрЅх рѕФрѕхріЋ рѕѕ рѕєріљ ріљрїѕрѕГ рЅ░рїѕрІб рѕЏрІхрѕерїЇ ріљрІЇ! 

   рѕхрѕѕрІџрѕЁ рѕхрЇќрѕГрЅх рѕўрѕхрѕФрЅх ріЦрІЇріљрЅх рѕ▒рѕх рІГрѕєріЋ?

­ЪЉЄ­ЪЉЄ­ЪЉЄ рѕЎрѕЅ рЅфрІ▓рІ«рІЇріЋ рЅа рІ«рЅ▓рІЇрЅЦ рІГрѕўрѕЇріерЅ▒ 

 рѕхрЇќрѕГрЅх рЅцрЅх (рїѓрѕЮ) рѕѕрѕџрІФрЅарІЎ рѕЂрѕЅ рѕ╝рѕГ рІФрІхрѕГрїЅ!
­ЪЉЄ­ЪЉЄ­ЪЉЄ
https://youtu.be/WPlRuRtQXN8",2022-06-12 17:15:47+00:00,
Doctors Ethiopia,doctorset,846,"рІхріЋрїѕрЅ░ріЏ ріарІ░рїІ / рІеріарїЦріЋрЅх рѕхрЅЦрѕФрЅх

ріарІФрѕГрїѕрІЇріЊ рІхріЋрїѕрЅ░ріЏ рІерѕєріљ ріарІ░рїІ рЅбрІ░рѕГрѕхрЅд рѕЮріЋ рѕЏрІхрѕерїЇ ріЦріЋрІ│рѕѕрЅд рІФрЅЃрѕЅ?

рЅарѕЃрїѕрѕФрЅйріЋ рІерѕўріфріЊ ріарІ░рїІ рЅа ріерЇЇрЅ░ріЏ рІ░рѕерїЃ ріарІерїерѕўрѕе ріЦріЊ рІерЅЦрІЎ рѕ░рІјрЅйріЋ рѕѓрІѕрЅх ріЦрІерЅђрїарЇѕрѕЮ рІГрїѕріЏрѕЇ рЇб

рЅарѕЃрїѕрѕФрЅйріЋ рІФрѕѕрІЇрѕЮ рІѕрЅЁрЅ│рІі рѕЂріћрЅ│рѕЮ рїдрѕГріљрЅХрЅй рЅЦрІЎ рѕ░рІјрЅйріЋ рѕѕ рІхріЋрїѕрЅ░ріЏ рІерѕєріљ ріарІ░рїІрІјрЅй : рѕхрЅЦрѕФрЅХрЅй рІФрїІрѕЇрїБрѕЇрЇб

рІХ/рѕГ рЅЃрѕЇрЅѓрІ│ріЋ (ріарїЦріЋрЅх рѕхрЇћрѕ╗рѕірѕхрЅх рѕЃріфрѕЮ) рѕхрѕѕ рІхріЋрїѕрЅ░ріЏ ріарІ░рїІ ріЦріЊ рѕхрЅЦрѕФрЅХрЅй ріарЅЦрѕФрѕГрЅХрѕЇріЊрѕЇ

ріЦрѕГрѕХрѕЮ рІГрѕЁ рЅйрїЇрѕГ рЅбрІ░рѕГрѕхрЅд рѕЏрІхрѕерїЇ рІФрѕѕрЅдрЅхріЋ ріљрїѕрѕГ рЅђрІхрѕўрІЇ рІГрІѕрЅЂ 

**рІХріГрЅ░рѕГрѕх рібрЅхрІ«рїхрІФ рЅа ріарІ│рІ▓рѕх рЇЋрѕ«рїЇрѕФрѕърЅйріЊ рІеріЊріЋрЅ░ріЋ рїЦрІФрЅёрІјрЅй рЅарѕХрѕ╗рѕЇ рѕџрІ▓рІФ рѕўрѕЇрѕх рІерѕџрІФрїѕріЎрЅарЅхріЋ рѕўріЋрїѕрІх ріЦрІФрѕхрЅ░ріФріерѕЇріЋ рѕ▓рѕєріЋ ріе рЅхріЋрѕй рІе ріЦрѕерЇЇрЅх рїЇрІюрІФрЅх рЅаріІрѕІ рЅа рЅ┤рѕїрЅфрІЦріЋ рЇЋрѕ«рїЇрѕЏрЅйріЋ рЅа рЇІріЊ рЅ┤рѕїрЅфрІЦріЋ рІФрїѕріЎріЊрѕЇ**

ріерЅ│рЅй рІФрѕѕрІЇріЋ рЅарѕўрїФріЋ рІГрѕўрѕЇріерЅ▒!
­ЪЉЄ­ЪЉЄ­ЪЉЄ­ЪЉЄ­ЪЉЄ­ЪЉЄ­ЪЉЄ
https://youtu.be/QI-8oqW80uI",2022-05-31 17:51:13+00:00,
Doctors Ethiopia,doctorset,845,"ріерЅхріЋрѕй рїЇрІџрІФрЅх рЅарЇірЅх рѕхрЇќрѕГрЅх рѕўрѕхрѕФрЅх ріЦріЋрІ░ рЅЁріЋрїдрЅх рІГрЅ│рІГ ріљрЅарѕГ ріарѕЂріЋ рѕІрІГ рїЇріЋ рЅа рѕхрЇќрѕГрЅх рѕўрѕхрѕФрІФ рЅдрЅ│рІјрЅй рѕІрІГ рЅЦрІЎрІјрЅй рѕ▓рѕ░рѕЕ рІГрЅ│рІФрѕЇ

рІГрѕЁріЋріЋрѕЮ рЅ░ріерЅхрѕј рѕхрЇќрѕГрЅх рѕЏрІѕрЅЁ рІФрѕѕрЅЦріЋ рЅарїБрѕЮ ріарѕхрЇѕрѕІрїі ріљрїѕрѕГ ріарѕѕ!

рЅЦрІЎ рѕ░рІЇ ріаріЋрІх ріарѕўрЅх рІФрѕЁрѕЇ рѕ░рѕГрЅ╗рѕѕрІЇ рѕѕрІЇрїЦ рѕЮріЋрѕЮ рІерѕѕріЮрѕЮ ! рѕхрЇќрѕГрЅх рїЦрЅЁрѕЮ рІерѕѕрІЇрѕЮ рІГрѕІрѕЇ

ріЦріЏ рѕЮріЋ рѕўрѕхрѕФрЅх ріЦріЋрІ│рѕѕрЅдрЅх рѕџрѕхрїЦрѕЕріЋ ріЦріЋріЋрїѕрѕ«рЅх!
  ріерІџ рЅаріІрѕІ рїірІюрІјріЋ рѕ│рІФрЅБріГріЉ рЅаріарїГрѕГ рїЇрІю рІЇрѕхрїЦ 
рѕѕрІЇрїдріЋ рІФрІФрѕЅрЇб

рЅарІџрѕЁ рІ«рЅ▓рІЇрЅЦ рЅфрІ▓рІ« рѕІрІГ 

рѕЮріЋ рѕўрѕхрѕФрЅх ріЦріЋрІ│рѕѕрЅдрЅх рѕѕ рїђрѕЏрѕф ріЦріЋрІ▓рѕЂрѕЮ рЅарѕўрѕхрѕФрЅх рѕІрІГ рѕІрѕІрЅ╣ 

ріарїГрѕГ рЅфрІ▓рІ« рІГрѕўрѕЇріерЅ▒
­ЪЉЄ­ЪЉЄ­ЪЉЄ­ЪЉЄ­ЪЉЄ­ЪЉЄ
https://youtu.be/_IEWt07bECg",2022-05-20 18:04:53+00:00,
Doctors Ethiopia,doctorset,844,"**рѕЇрїєрЅй рѕІрѕІрЅйрѕЂ / ріарЅБрЅх ріЦріЊрЅх рІѕрІГріЋрѕЮ ріЦрѕЁрЅх рІѕріЋрІхрѕЮ / рЅарЅЁрѕГрЅА рѕЇрїЁ рѕѕрѕўрІЇрѕѕрІх рІерѕЮрЅ│рѕхрЅА / рЅБрѕЂріЉ рѕ░ріарЅх ріЦрѕГрїЇрІЮріЊ рѕІрІГ рѕІрѕІрЅйрѕЂ рЇб**

рѕЇрїєрЅй ріаріЋрІ│ріЋрІх рїЇрІю рѕЮрїЇрЅЦ ріарѕЇрѕўрїѕрЅЦ рІГрѕІрѕЅ  рІГрѕЁ рІ░рїЇрѕъ рѕѕрІѕрѕІрїЁ рЅарїБрѕЮ ріарѕхрїеріЊрЅѓ ріљрїѕрѕГ ріљрІЇ !

рѕЁрЇЃріЊрЅх рѕЮрїЇрЅЦ ріарѕЇрѕўрїѕрЅЦ рІерѕџрѕЅрЅх рЅарѕЮріЋ рѕЮріГріЋрІФрЅх рІГрѕєріЋ ?

**рѕЁрЇЃріЊрЅх  ріерЅ░рІѕрѕѕрІ▒ 1 рѕ░рІљрЅх рїђрѕЮрѕ« рІеріЦріЊрЅх рїАрЅх рІѕрЅ░рЅхріЋ рѕЏрїЇріўрЅх ріарѕѕрЅБрЅИрІЇ : рІеріЦріЊрЅх рїАрЅх рІѕрЅ░рЅхріЋ рІерѕџрІѕрѕхрІ▒ рѕЇрїєрЅй рІѕрІ░рЇірЅх рІерѕўрІѕрЇѕрѕГ ріЦрІхрѕІрЅИрІЇ рЅарЅарѕйрЅ│ рІерѕўрїарЅЃрЅх ріЦрІхрѕІрЅИрІЇ ріаріљрѕхрЅ░ріЏ ріљрІЇ рЇб

рѕЁрЇЃріЊрЅх рѕхрІхрѕхрЅх рІѕрѕГ рѕ▓рѕърѕІрЅИрІЇ рЅ░рїерѕЏрѕф рѕЮрїЇрЅЦ рѕўрѕўрїѕрЅЦ рѕ▓рЇѕрѕЇрїЅ ріаріЋрІ│ріЋрІх рѕЮрѕЇріГрЅХрЅйріЋ рІФрѕ│рІФрѕЅрЇб

рѕЁрЇЃріЊрЅх рІерѕЮрїЇрЅЦ рѕўрѕўрїѕрЅЦ рЇЇрѕІрїјрЅ│рЅИрІЇ рѕѕрѕЮріЋ рІГрЅђріЋрѕ│рѕЇ ? 

рІХ/рѕГ ріцрѕЇрѕ│рЅцрїЦ рѕѕрІџрѕЁ рѕўрѕЇрѕх рІГрѕЁріЋ рЅхрѕѕріЊрѕѕрЅй
**
**рЅа рІ«рЅ▓рІЇрЅЦ рЅ╗ріЊрѕІрЅйріЋ рѕІрІГ рІе рІХ/рѕГріЋ рѕхрѕЇріГ рІФрѕхрЅђрѕўрїЦріЋ рѕ▓рѕєріЋ рЅа рїЇрѕЇ рѕѕрѕЏрѕЏріерѕГ рѕўрІ░рІѕрѕЇ рЅхрЅйрѕІрѕІрЅйрѕЂ рЇб
**
­ЪЉЄ­ЪЉЄ­ЪЉЄ­ЪЉЄ

https://youtu.be/V6zWVHcyFXI",2022-05-15 15:59:10+00:00,
Doctors Ethiopia,doctorset,843,"**рЅарЅЦрІЎ рѕЏрѕЁрЅарѕФрІі рѕџрІ▓рІФрІјрЅй рЅа ріерЇІрЅ░ріЏ рѕЂріћрЅ│ ріЦрІерЅ░рѕИрїа рІФрѕѕрІЇ 

рЇЋрѕ«рЅ▓ріЋ- ріГрѕгрЅ▓ріЋ рЇќрІЇрІ░рѕ«рЅй ріЦріЊ  рѕїрѕјрЅй рІФрІѕрЇЇрѕФрѕЇ рЅ░рЅЦрѕѕрІЇ рІерѕџрѕИрїА рЇЊрІЇрІ░рѕ«рЅй ріЦрІЇріљрЅх рїЦрЅЁрѕЮ ріарѕІрЅИрІЇ рІѕрІГ ?**

**рѕЮріЋ ріарѕЇрЅБрЅх рѕѕрѕЇрїє рѕўрїЇрІЏрЅх ріарѕхрЅарІЇ рІГрѕєріЊрѕЇ ? 

рІѕрІГрѕЮ рЅБрѕЂріЉ рѕ░ріарЅх рїѕрІЮрЅ░рІЇ ріЦрІерЅ░рїарЅђрѕЎрѕЮ рІГрѕєріЊрѕЇ ? 

рІѕрІГріЋрѕЮ рІ░рїЇрѕъ рѕѕрѕўрїЇрІЏрЅх ріарѕхрЅарІЇ рІерЅхріЏрІЇ рЇќрІЇрІ░рѕГ рѕЇрїарЅђрѕЮ ріЦрІФрѕЅ ріљрІЇ ?

рЅарІџрѕЁ рЅфрІ▓рІ« рѕЎрѕЅ рѕўрѕЇрѕ▒ріЋ рѕўрѕЇрѕ░ріЊрѕЇ !!!
**
**рѕЂрѕЅрѕЮ рѕ░рІЇ рѕўрІЇрѕ░рІх рІГрЅйрѕІрѕЇ рІѕрІГ ?

ріЦрІхрѕюрѕх рїѕрІ░рЅЦ ріарѕѕрІЇ рІѕрІГ ??**

**рѕѕ ріЕрѕІрѕірЅх рѕЁрѕўрѕЮрѕх рІФрїІрѕЇрїБрѕЇ рІѕрІГ ?

рІЇрѕЃ рЅарІ░ріЋрЅЦ рїарїА рѕѕрѕЮріЋ рЅ░рЅБрѕѕ ?**

ріЦріљрІџрѕЁріЋ рІІріЊ ріљрїѕрѕ«рЅй рѕІрІГ рѕўрѕЇрѕх рѕ░рїаріЊрѕЇ ріарѕЂріЉріЉ рІГрѕўрѕЇріерЅ▒ !

ріЦрѕГрѕХ рЅБрІГрїарЅђрѕЎ рѕїрѕІ рЅцрЅ░рѕ░рЅд рѕірїарЅђрѕЮ рѕхрѕѕрѕџрЅйрѕЇ рѕ╝рѕГ рЅарѕЏрІхрѕерїЇ рѕѕрѕЂрѕЅрѕЮ рѕ░рІЇ ріЦріЊрІхрѕГрѕх


ріерІџрѕЁ рЅарЇірЅх ріЦріљрІџрѕЁріЋ рЇЊрІЇрІ░рѕ«рЅй рІерѕџрїарЅђрѕЎ ріерѕєріљ 
рѕЇрѕЮрІХріЋ рЅа рІ«рЅ▓рІЇрЅЦ рі«рѕюріЋрЅх рѕІрІГ рІФрѕхрЅђрѕЮрїАрѕЇріЋ 

­ЪЉЄ­ЪЉЄ­ЪЉЄ­ЪЉЄ­ЪЉЄ­ЪЉЄ­ЪЉЄ­ЪЉЄ­ЪЉЄ­ЪЉЄ­ЪЉЄ­ЪЉЄ­ЪЉЄ­ЪЉЄ
рЅ░рїГріљрІЇ рІГрѕўрѕЇріерЅ▒
https://youtu.be/43t6CLizU28",2022-05-07 18:22:14+00:00,
Doctors Ethiopia,doctorset,842,,2022-05-06 17:51:05+00:00,
Doctors Ethiopia,doctorset,841,,2022-05-06 17:51:05+00:00,
Doctors Ethiopia,doctorset,840,,2022-05-06 17:51:05+00:00,
Doctors Ethiopia,doctorset,839,"рІЏрѕг рѕЮрѕйрЅх 3:30 рЅа рЇІріЊ рЅ┤рѕїрЅфрІЦріЋ 

    рѕхрѕѕ рЇЋрѕ«рЅ▓ріЋ : ріГрѕгрЅ▓ріЋ рЇЊрІЇрІ░рѕ«рЅй рѕЮріЋ рѕЏрІѕрЅЁ рІГрЇѕрѕЇрїІрѕЅ?

рЅБрѕЂріЉ рѕ░ріарЅх рЅа рѕЏрѕЁрЅарѕФрІі рѕџрІ▓рІФ рЅа ріерЇІрЅ░ріЏ рѕЂріћрЅ│ ріЦрІерЅ░рѕИрїА рІерѕџрїѕріЎ ріЦріљрІџрѕЁ рЇќрІЇрІ░рѕ«рЅй 
ріЦрІЇріљрЅх рѕѕ ріЕрѕІрѕірЅх рѕЁрѕўрѕЮ рІФрїІрѕЇрїБрѕЅ рІѕрІГ?

рЅарЅ░рїерѕЏрѕфрѕЮ ріЦрЅцрЅХ рѕєріљрІЇ ріЦріљрІџрѕЁріЋ ріЦріЋрЅЁрѕхрЅЃрѕ┤рІјрЅй  рЅарѕЏрІхрѕерїЇ рїцріЊрІјріЋ рІГрїарЅЦрЅЂрЇб

рѕхрЇќрѕГрЅх рѕ▒рѕх рІГрѕєріЊрѕЇ рІѕрІГ ? рѕўрѕЇрѕ▒ріЋ рЅа рЇІріЊ рЅ┤рѕїрЅфрІЦріЋ рІГрїарЅЦрЅЂріЋрЇб

3:30 рЅа рЇІріЊ рЅ┤рѕїрЅфрІЦріЋ",2022-05-06 17:51:05+00:00,
Doctors Ethiopia,doctorset,836,"ріерѕ│рѕЮріЋрЅх рЅарЇірЅх рЅарѕѕрЅђрЅЁріљрІЇ рЅдрѕГрїГріЋ рЅарѕЁріГрѕЮріЊ ріЦріЋрІ┤рЅх рѕЏрїЦрЇІрЅх рІГрЅ╗рѕІрѕЇ рЅарѕџрѕѕрІЇ рѕГріЦрѕ│рЅйріЋ 
ріе 100,000 рЅарѕІрІГ ріЦрІГрЅ│ріЋ ріарїЇріЮрЅирѕЇ рЇб

рѕхрѕѕрѕєріљрѕЮ рЅдрѕГрїГріЋ ріерѕЮріЊрїарЇІрЅарЅх рІІріЊ рѕўріЋрїѕрІХрЅй рІІріЊ ріарѕЏрѕФрїГ рІерѕєріљрІЇ рѕхрЇќрѕГрЅ│рІі ріЦріЋрЅЁрѕхрЅЃрѕ┤ рѕ▓рѕєріЋ

ріЦрЅцрЅх рІЇрѕхрїЦ рѕєріљріЋ ріЦріљрІџрѕЁріЋ рЅђрѕѕрѕЇ рІФрѕЅ рѕхрЇќрѕГрЅ│рІі ріЦріЋрЅЁрѕхрЅЃрѕ┤рІјрЅйріЋ рЅарѕЏрІхрѕерїЇ рЅдрѕГрїГріЋ рѕЏрїЦрЇІрЅх рІГрЅйрѕІрѕЅ

ріарѕЂріЋ рЅа рІ«рЅ▓рІЇрЅЦ рЅ╗ріЊрѕІрЅйріЋ рЅарѕўрѕёрІх 

ISSA certified personal Trainer 
  рЅхріЋрѕ│рІГ рЅЦрѕГрѕЃріЉ рїІрѕГ рЅєрІГрЅ│ ріарІхрѕГрїѕріЊрѕЇрЇб

рЅарЅђрѕІрѕЅ рЅдрѕГрїГріЋ рІФрїЦрЇЅ 

рЅдрѕї рЅАрѕЇрЅАрѕІ рѕЏрѕфрІФрѕЮ рѕЏрІърѕфрІФ 
рЇљрѕЇрѕх рЇірЅхріљрѕх рїѓрѕЮріЊрІџрІерѕЮ рЅарѕўрѕЮрїБрЅх ріарЅЦрѕерІЇріЋ рѕўрѕхрѕФрЅх рІГрЅйрѕІрѕЅ 



https://youtu.be/zZCUggh-1DA",2022-05-01 11:13:33+00:00,
Doctors Ethiopia,doctorset,835,,2022-04-29 18:59:05+00:00,
Doctors Ethiopia,doctorset,834,,2022-04-29 18:57:35+00:00,
Doctors Ethiopia,doctorset,833,,2022-04-28 05:46:38+00:00,
CheMed,chemed123,97,"Рџа№ИЈ**Notice!
**Dear esteemed customers,
Due to four-day motorbike movement restrictions, we have limited our services to matchmaking,drug information, and medical consultation only.

**N.B. 
**­ЪћЁWe will make deliveries for those for whom the medications are urgent.
­ЪћЁYou can book deliveries starting from Monday, February 13, 2023",2023-02-10 12:23:06+00:00,./data/images\photo_2023-02-10_12-23-06.jpg
CheMed,chemed123,96,"Mela-One рЅарІЇрѕхрїА рѕєрѕГрѕъріЋ рІФрѕѕрІЇ рІхріЋрїѕрЅ░ріЏ рІѕрѕірІх рѕўрЅєрїБрїарѕГрІФ рѕ▓рѕєріЋ рІФрѕѕрѕўріерѕІріерІФ рІерЅ░рІ░рѕерїѕ рІерїЇрЅЦрѕерѕхрїІ рїЇріЋріЎріљрЅх рѕ▓ріќрѕГ рЅа72 рѕ░рІЊрЅ│рЅх рІѕрѕхрїЦ рѕўрІѕрѕ░рІх рІГріќрѕГрЅарЅ│рѕЇрЇб

­ЪЊїріеChe-Med рѕѕрѕЏрІўрІЮрЇА 
рЅарЅ┤рѕїрїЇрѕФрѕЮ рїЇрѕЕрЇЊрЅйріЋ- t.me/CheMeds
рІїрЅЦрѕ│рІГрЅх- www.chemeds.org
рІГрІўрІЎріЋрЇб",2023-02-02 08:58:52+00:00,./data/images\photo_2023-02-02_08-58-52.jpg
CheMed,chemed123,95,"**ріарІџрЅхрѕ«рѕЏрІГрѕ▓ріЋ** рЅарѕЃріфрѕЮ рѕўрІхрѕЃріњрЅх рѕЏрІўрІБ ріерѕџрЅ│рІўрІЎ ріаріЋрЅ▓рЅБрІ«рЅ▓рі«рЅй ріаріЋрІ▒ рѕ▓рѕєріЋ рЅарѕГріерЅх рІФрѕЅ рЅБріГрЅ┤рѕГрІФрІјрЅйріЋ рІГрїѕрѕІрѕЇрЇб

рЅарЅђріЋ ріаріЋрІ┤ рѕѕ3 рЅђріЊрЅх рѕЮрїЇрЅЦ ріерѕўрЅЦрѕІрЅ│рЅйріЋ 1 рѕ░рІЊрЅх рЅђрІ░рѕЮ рЅЦрѕј рІѕрІГріЋрѕЮ ріерЅарѕІріЋ ріе 2 рѕ░рІЊрЅх рЅаріІрѕІ рѕўрІѕрѕ░рІх рІГріќрѕГрЅарЅ│рѕЇрЇб

­ЪЊїрІерѕЃріфрѕЮ рѕЏрІўрІБ ріФрѕЇрІјрЅх 
рЅарЅ┤рѕїрїЇрѕФрѕЮ рїЇрѕЕрЇЊрЅйріЋ-t.me/CheMeds
рІїрЅЦрѕ│рІГрЅх- www.chemeds.org
рІГрѕІріЕрѕЇріЋрЇб",2023-02-01 08:59:37+00:00,./data/images\photo_2023-02-01_08-59-37.jpg
CheMed,chemed123,94,"**Che-Med Trivia #3

**рѕЮрїЇрЅЦріЊ рѕўрїарїдрЅй ріаріЋрІ│ріЋрІх рѕўрІхрѕЃріњрЅХрЅй рЅарІ░ріЋрЅЦ ріЦріЋрІ│рІГрѕ░рѕЕ рѕірІФрІ░рѕГрїЅ рІГрЅйрѕІрѕЅрЇб рЅарІџрѕЁ рѕЂріћрЅ│ ріЦріљрІџрѕЁріЋ рѕўрІхрѕЃріњрЅХрЅй рѕЮрїЇрЅЦ ріерІѕрѕ░рІхріЋ ріе1 рѕ░рІЊрЅх ріЦрѕхріе 2 рѕ░рІЊрЅх рЅБрѕѕ рїірІю рІЇрѕхрїЦ рѕўрІЇрѕ░рІх рІФрѕхрЇѕрѕЇрїЇрІјрЅ│рѕЇрЇб

ріеріљрІџрѕЁрѕЮ рІѕрѕхрїЦ **рІеріЦріЋрЅЁрѕГрЅх рѕўрІхрѕЃріњрЅХрЅйрЇБOmeprazoleрЇБSildenafil(Viagra)рЇБCaptopril ріЦріЊ Ampicillin** рІГрїарЅђрѕ│рѕЅрЇб

рѕўрІхрѕЃріњрЅхрІј ріерѕЮрїЇрЅЦ рїІрѕГ рІФрѕѕрІЇріЋ ріарІѕрѕ│рѕ░рІх ріЦрѕГрїЇрїаріЏ ріФрѕЇрѕєріЉ рѕЃріфрѕЮрІјріЋ рІѕрІГрѕЮ рЇІрѕГрѕЏрѕ▓рѕхрЅхрІјріЋ рІФрѕЏріГрѕЕрЇб",2023-01-31 09:19:53+00:00,./data/images\photo_2023-01-31_09-19-53.jpg
CheMed,chemed123,93,"**Che-Med Trivia #2

**ріЦріЋрІ░ Ciprofloxacin, Doxycycline, Levothyroxine, Iron supplement рІФрѕЅ рѕўрІхрѕЃріњрЅХрЅйріЋ ріерІѕрЅ░рЅх ріЦріЊ ріерІѕрЅ░рЅх рЅ░рІІрЇЁрІќрІјрЅй рїІрѕГ ріЦріЋрІ▓рѕЂрѕЮ ріеріЦріЋрЅЂрѕІрѕЇ рїІрѕГ рѕўрІЇрѕ░рІх рѕўрІхрѕЃріњрЅХрЅ╣ рЅарѕ░рІЇріљрЅ│рЅйріЋ рІерѕџрЇѕрѕѕрїѕрІЇріЋ рѕхрѕФ ріЦріЋрІ│рІГрѕ░рѕЕ рІФрІ░рѕГрїІрЅИрІІрѕЇрЇб

рІГрѕЁрѕЮ рЅарІѕрЅ░рЅх рЅ░рІІрїйрідрІјрЅй рІЇрѕхрїЦ рІФрѕѕрІЇ ріФрѕЇрѕ▓рІерѕЮ ріЦріљрІџрѕЁ рѕўрІхрѕЃріњрЅХрЅй рЅарѕ░рІЇрЅ│рЅйріЋ рІѕрѕхрїЦ ріЦріЋрІ│рІГрІІрѕЁрІ▒ рїБрѕЇрЅЃ рѕхрѕѕрѕџрїѕрЅБ ріљрІЇрЇб",2023-01-30 09:45:25+00:00,./data/images\photo_2023-01-30_09-45-25.jpg
CheMed,chemed123,92,"**You can get our services at:
**Our pharmacist:** ****https://t.me/CheMedAssistant9798****
**Our call center: **9798
**Our website: **www.chemeds.org**",2023-01-27 07:18:40+00:00,./data/images\photo_2023-01-27_07-18-40.jpg
CheMed,chemed123,91,"**Che-Med Trivia #1
**The U.S. pharmaceutical industry is the largest in the world, making up about 40% of the worldwide drug development, manufacturing, and revenue generation. And half of the worldРђЎs top 10 pharmaceutical companies are in America, including the headquarters for Johnson & Johnson, Pfizer, Merck and Co., AbbVie, Eli Lilly and Co., and Abbott Laboratories. In fact, Johnson & JohnsonРђЎs revenue alone reached $82.6 billion in 2020.",2023-01-26 18:27:53+00:00,./data/images\photo_2023-01-26_18-27-53.jpg
CheMed,chemed123,90,"**CVS Daytime & Nighttime Cold and Flu Relief

**рѕѕрѕ░рѕъріЉ рїЅріЋрЇІріЋ рѕЏрѕхрЅ│рїѕрѕ╗ рЅаріаріЋрІ░ріЮріљрЅх рЅ░рѕўрѕФрїГ рІерѕєріљрІЇріЋ **CVS Daytime & Nighttime Cold and Flu Relief** Che-Med рІГрІърѕІрЅйрѕЂ рѕўрїДрѕЇрЇб

рЅарЅЂрїЦрѕГ рІЇрѕхріЋ рѕхрѕѕрѕєріЉ рЅђрІхрѕўрІЇ рІГрІўрІЎріЋрЇб

рѕѕрѕЏрІўрІЮрЇд
Our pharmacist:** ****https://t.me/CheMedAssistant9798****
**Our call center: **9798
**Our website: www.chemeds.org

Che-Med is the best way to find your meds!",2023-01-23 10:39:20+00:00,./data/images\photo_2023-01-23_10-39-20.jpg
CheMed,chemed123,89,"­ЪЪарѕѕріЊріЋрЅ░ рѕѕрІ░рѕЮрЅаріърЅ╗рЅйріЋ рІГрѕєріЊрѕЅ рІФрѕЇріЊрЅИрІЅріЋ рѕЮрѕГрїЦ рЅФрІГрЅ│рѕџріЋріЊ рѕ░рЇЋрѕЇрѕўріЋрЅХрЅй ріЦріљрѕє!!

ріарїГрѕГ рІеTiktok рЅфрІ▓рІ«ріарЅйріЋріЋ рЅарѕўрѕўрѕЇріерЅх рїЇріЋрІЏрЅцрІјріЋ рІГрїерѕЮрѕЕрЇб
­ЪЉЄ­ЪЉЄ­ЪЉЄ­ЪЉЄ­ЪЉЄ­ЪЉЄ­ЪЉЄ­ЪЉЄ­ЪЉЄ­ЪЉЄ­ЪЉЄ­ЪЉЄ­ЪЉЄ
https://vm.tiktok.com/ZMYJHUVde/

рІеTiktok рЅ╗ріЊрѕІрЅйріЋріЋ Like ріЦріЊ Follow рІФрІхрѕГрїЅрЇб",2023-01-17 19:10:57+00:00,./data/images\document_2023-01-17_19-10-57.mp4
CheMed,chemed123,88,"­Ъїъ**Sundown Cinnamon!
Supports sugar metabolism**.

Che-Med **Sundown Cinnamon** **Supplement Product** рІГрІърѕІрЅйрѕЂ рѕўрїДрѕЇрЇб

рЅарЅЂрїЦрѕГ рІЇрѕхріЋ рѕхрѕѕрѕєріЉ рЅђрІхрѕўрІЇ рІГрІўрІЎріЋрЇб

рѕѕрѕЏрІўрІЮрЇд
Our pharmacist:** ****https://t.me/CheMedAssistant9798****
**Our call center: **9798

**Che-Med is the best way to find your meds!",2023-01-17 08:43:12+00:00,./data/images\photo_2023-01-17_08-43-12.jpg
CheMed,chemed123,87,"**­ЪЊ╗Che-Med** held fruit-bearing discussion at **рѕ│рІГрЅарѕГріЏ** radio program on Fana 98.1FM about digital health care and privacy and security of E-commerce.

We discussed in details current trends in digital healthcare, It's benefits, challenges, and opportunities.

You can listen to us at 08:00PM tonight and increase your understanding about the current activities of digital health care and its future.

Che-Med",2023-01-16 13:41:35+00:00,./data/images\photo_2023-01-16_13-41-35.jpg
CheMed,chemed123,86,"­Ъћх**Get GOFEN from Che-Med!

**Our pharmacist:** ****https://t.me/CheMedAssistant9798****
**Our call center: **9798
**Website: **www.chemeds.org****

**Che-Med the best way to find your meds!",2023-01-16 10:13:42+00:00,./data/images\photo_2023-01-16_10-13-42.jpg
CheMed,chemed123,85,"Рџа№ИЈ**Notice!
**Dear esteemed customers,
Due to four-days motorbike movement restrictions, we have limited our services to matchmaking,drug information and medical consultation only.

**N.B. 
**­ЪћЁWe will make deliveries for whom the medications are urgent.
­ЪћЁYou can book deliveries starting from Friday, Jan 20.",2023-01-16 09:26:09+00:00,./data/images\photo_2023-01-16_09-26-09.jpg
CheMed,chemed123,82,"**Nature's Bounty Supplement Products** **are here!

**Che-Med **Nature's Bounty Supplement Products** рІГрІърѕІрЅйрѕЂ рѕўрїДрѕЇрЇб

рЅарЅЂрїЦрѕГ рІЇрѕхріЋ рѕхрѕѕрѕєріЉ рЅђрІхрѕўрІЇ рІГрІўрІЎріЋрЇб

рѕѕрѕЏрІўрІЮрЇд
Our pharmacist:** ****https://t.me/CheMedAssistant9798****
**Our call center: **9798

**Che-Med the best way to find your meds!",2023-01-13 12:48:47+00:00,./data/images\photo_2023-01-13_12-48-47.jpg
CheMed,chemed123,81,"**Nature's Bounty Supplement Products** **are here!

**Che-Med **Nature's Bounty Supplement Products** рІГрІърѕІрЅйрѕЂ рѕўрїДрѕЇрЇб

рЅарЅЂрїЦрѕГ рІЇрѕхріЋ рѕхрѕѕрѕєріЉ рЅђрІхрѕўрІЇ рІГрІўрІЎріЋрЇб

рѕѕрѕЏрІўрІЮрЇд
Our pharmacist:** ****https://t.me/CheMedAssistant9798****
**Our call center: **9798

**Che-Med the best way to find your meds!",2023-01-13 09:44:14+00:00,./data/images\photo_2023-01-13_09-44-14.jpg
CheMed,chemed123,80,"**рѕхрѕѕ Nature Made Vitamin supplement** tiktok рѕІрІГ ріЦріЋріЋрїѕрѕГрІјрЇб

рѕѕрѕЏрІерЅхрЇА https://vm.tiktok.com/ZMFw4DarV/

рЅарЅЂрїЦрѕГ рІЇрѕхріЋ рѕхрѕѕрѕєріЉ рЅђрІхрѕўрІЇ рІГрІўрІЎріЋрЇб

рѕѕрѕЏрІўрІЮрЇд
Our pharmacist:** **https://t.me/CheMedAssistant9798**
**Our call center: **9798

**Follow our channel and stay tuned
https://t.me/CheMeds

Che-Med the best way to find your meds!",2023-01-06 16:06:21+00:00,./data/images\photo_2023-01-06_16-06-21.jpg
CheMed,chemed123,79,"­ЪјёChe-Med рѕѕрѕўрѕІрІЇ ріГрѕГрѕхрЅхрІФріЋ рЅцрЅ░рѕ░рЅдрЅ╗рЅйріЋ рѕўрѕЇріФрѕЮ рІерїѕріЊ рЅарІЊрѕЇ ріЦріЋрІ▓рѕєріЋрѕЇрІј рІГрѕўріЏрѕЇрЇб

рѕўрѕЇріФрѕЮ рЅарІЊрѕЇ!!",2023-01-06 09:31:17+00:00,./data/images\photo_2023-01-06_09-31-17.jpg
CheMed,chemed123,78,,2023-01-06 06:05:01+00:00,./data/images\photo_2023-01-06_06-05-01.jpg
CheMed,chemed123,77,"**Nature Made Vitamin supplements

**Che-Med рЅарІ░рѕЮрЅаріърЅ╗рЅйріЋ рЇЇрѕІрїјрЅх рѕўрѕ░рѕерЅх Nature made vitamin supplement рІГрІърѕІрЅйрѕЂ рѕўрїДрѕЇрЇб

рЅарЅЂрїЦрѕГ рІЇрѕхріЋ рѕхрѕѕрѕєріЉ рЅђрІхрѕўрІЇ рІГрІўрІЎріЋрЇб

рѕѕрѕЏрІўрІЮрЇд
Our pharmacist:** ****https://t.me/CheMedAssistant9798****
**Our call center: **9798

**Follow our channel and stay tuned
https://t.me/CheMeds

Che-Med the best way to find your meds!",2023-01-04 05:58:02+00:00,./data/images\photo_2023-01-04_05-58-02.jpg
CheMed,chemed123,76,"рЅаwww.chemeds.org рѕўрІхрѕЃріњрЅхрІјріЋ рІерѕџрІФрІЎрЅарЅхріЋ рѕўріЋрїѕрІх рІерѕџрІФрѕ│рІГ tiktok рЅфрІ▓рІ«рЇб

­ЪЉЄ­ЪЉЄ­ЪЉЄ­ЪЉЄ­ЪЉЄ­ЪЉЄ­ЪЉЄ­ЪЉЄ­ЪЉЄ­ЪЉЄ­ЪЉЄ
https://vm.tiktok.com/ZMFTkBoWk/",2023-01-03 17:49:48+00:00,./data/images\photo_2023-01-03_17-49-48.jpg
Lobelia pharmacy and cosmetics,lobelia4cosmetics,12423,"SPRING VALLEY VITAMIN D3 1000IU 450 SOFTGELS 
Price 5500 birr 
Telegram https://t.me/lobelia4cosmetics
Msg­ЪЉЅ Lobelia pharmacy and cosmetics 
Рўј№ИЈ call 0911562031/0911587703
Adress:- Infront of Bole Medhanialem high school 
Open Monday - Monday from 8am until midnight ріерѕ░ріъ - ріЦрѕхріе рѕ░ріъ┬а ріерїДрЅ▒ 2:00 рѕхрІЊрЅх - ріЦрѕхріе рѕЮрѕйрЅ▒ 6:00 рѕ░рІЊрЅх
­ЪЈЇ­ЪЈЇ­ЪЈЇ рІерЅхрѕФріЋрѕхрЇќрѕГрЅх ріарѕЏрѕФрїГ ріе70 - 200 рЅЦрѕГ
For delivery option fees are from 70 birr - 200 birr",2024-10-11 10:11:57+00:00,./data/images\photo_2024-10-11_10-11-57.jpg
Lobelia pharmacy and cosmetics,lobelia4cosmetics,12422,"PRENATAL 150 softgels 
Price 5000 birr 
Telegram https://t.me/lobelia4cosmetics
Msg­ЪЉЅ Lobelia pharmacy and cosmetics 
Рўј№ИЈ call 0911562031/0911587703
Adress:- Infront of Bole Medhanialem high school 
Open Monday - Monday from 8am until midnight ріерѕ░ріъ - ріЦрѕхріе рѕ░ріъ┬а ріерїДрЅ▒ 2:00 рѕхрІЊрЅх - ріЦрѕхріе рѕЮрѕйрЅ▒ 6:00 рѕ░рІЊрЅх
­ЪЈЇ­ЪЈЇ­ЪЈЇ рІерЅхрѕФріЋрѕхрЇќрѕГрЅх ріарѕЏрѕФрїГ ріе70 - 200 рЅЦрѕГ
For delivery option fees are from 70 birr - 200 birr",2024-10-11 10:11:57+00:00,./data/images\photo_2024-10-11_10-11-57 (1).jpg
Lobelia pharmacy and cosmetics,lobelia4cosmetics,12421,"FISH OIL 150 softgels 
Price 4000 birr 
Telegram https://t.me/lobelia4cosmetics
Msg­ЪЉЅ Lobelia pharmacy and cosmetics 
Рўј№ИЈ call 0911562031/0911587703
Adress:- Infront of Bole Medhanialem high school 
Open Monday - Monday from 8am until midnight ріерѕ░ріъ - ріЦрѕхріе рѕ░ріъ┬а ріерїДрЅ▒ 2:00 рѕхрІЊрЅх - ріЦрѕхріе рѕЮрѕйрЅ▒ 6:00 рѕ░рІЊрЅх
­ЪЈЇ­ЪЈЇ­ЪЈЇ рІерЅхрѕФріЋрѕхрЇќрѕГрЅх ріарѕЏрѕФрїГ ріе70 - 200 рЅЦрѕГ
For delivery option fees are from 70 birr - 200 birr",2024-10-11 10:11:57+00:00,./data/images\photo_2024-10-11_10-11-57 (2).jpg
Lobelia pharmacy and cosmetics,lobelia4cosmetics,12420,"FOLIC ACID 
Price 5000 birr 
Telegram https://t.me/lobelia4cosmetics
Msg­ЪЉЅ Lobelia pharmacy and cosmetics 
Рўј№ИЈ call 0911562031/0911587703
Adress:- Infront of Bole Medhanialem high school 
Open Monday - Monday from 8am until midnight ріерѕ░ріъ - ріЦрѕхріе рѕ░ріъ┬а ріерїДрЅ▒ 2:00 рѕхрІЊрЅх - ріЦрѕхріе рѕЮрѕйрЅ▒ 6:00 рѕ░рІЊрЅх
­ЪЈЇ­ЪЈЇ­ЪЈЇ рІерЅхрѕФріЋрѕхрЇќрѕГрЅх ріарѕЏрѕФрїГ ріе70 - 200 рЅЦрѕГ
For delivery option fees are from 70 birr - 200 birr",2024-10-11 10:11:57+00:00,./data/images\photo_2024-10-11_10-11-57 (3).jpg
Lobelia pharmacy and cosmetics,lobelia4cosmetics,12419,"TYLENOL COLD AND FLU
Price 1600 birr 
Telegram https://t.me/lobelia4cosmetics
Msg­ЪЉЅ Lobelia pharmacy and cosmetics 
Рўј№ИЈ call 0911562031/0911587703
Adress:- Infront of Bole Medhanialem high school 
Open Monday - Monday from 8am until midnight ріерѕ░ріъ - ріЦрѕхріе рѕ░ріъ┬а ріерїДрЅ▒ 2:00 рѕхрІЊрЅх - ріЦрѕхріе рѕЮрѕйрЅ▒ 6:00 рѕ░рІЊрЅх
­ЪЈЇ­ЪЈЇ­ЪЈЇ рІерЅхрѕФріЋрѕхрЇќрѕГрЅх ріарѕЏрѕФрїГ ріе70 - 200 рЅЦрѕГ
For delivery option fees are from 70 birr - 200 birr",2024-10-11 10:11:56+00:00,./data/images\photo_2024-10-11_10-11-56.jpg
Lobelia pharmacy and cosmetics,lobelia4cosmetics,12418,"Day and Night QUIL /SUPER C
Price 2500 birr 
Telegram https://t.me/lobelia4cosmetics
Msg­ЪЉЅ Lobelia pharmacy and cosmetics 
Рўј№ИЈ call 0911562031/0911587703
Adress:- Infront of Bole Medhanialem high school 
Open Monday - Monday from 8am until midnight ріерѕ░ріъ - ріЦрѕхріе рѕ░ріъ┬а ріерїДрЅ▒ 2:00 рѕхрІЊрЅх - ріЦрѕхріе рѕЮрѕйрЅ▒ 6:00 рѕ░рІЊрЅх
­ЪЈЇ­ЪЈЇ­ЪЈЇ рІерЅхрѕФріЋрѕхрЇќрѕГрЅх ріарѕЏрѕФрїГ ріе70 - 200 рЅЦрѕГ
For delivery option fees are from 70 birr - 200 birr",2024-10-11 10:11:56+00:00,./data/images\photo_2024-10-11_10-11-56 (1).jpg
Lobelia pharmacy and cosmetics,lobelia4cosmetics,12417,"Day and Night QUIL 
Price 2500 birr 
Telegram https://t.me/lobelia4cosmetics
Msg­ЪЉЅ Lobelia pharmacy and cosmetics 
Рўј№ИЈ call 0911562031/0911587703
Adress:- Infront of Bole Medhanialem high school 
Open Monday - Monday from 8am until midnight ріерѕ░ріъ - ріЦрѕхріе рѕ░ріъ┬а ріерїДрЅ▒ 2:00 рѕхрІЊрЅх - ріЦрѕхріе рѕЮрѕйрЅ▒ 6:00 рѕ░рІЊрЅх
­ЪЈЇ­ЪЈЇ­ЪЈЇ рІерЅхрѕФріЋрѕхрЇќрѕГрЅх ріарѕЏрѕФрїГ ріе70 - 200 рЅЦрѕГ
For delivery option fees are from 70 birr - 200 birr",2024-10-11 10:11:56+00:00,./data/images\photo_2024-10-11_10-11-56 (2).jpg
Lobelia pharmacy and cosmetics,lobelia4cosmetics,12416,"Day and Night QUIL 
Price 2500 birr 
Telegram https://t.me/lobelia4cosmetics
Msg­ЪЉЅ Lobelia pharmacy and cosmetics 
Рўј№ИЈ call 0911562031/0911587703
Adress:- Infront of Bole Medhanialem high school 
Open Monday - Monday from 8am until midnight ріерѕ░ріъ - ріЦрѕхріе рѕ░ріъ┬а ріерїДрЅ▒ 2:00 рѕхрІЊрЅх - ріЦрѕхріе рѕЮрѕйрЅ▒ 6:00 рѕ░рІЊрЅх
­ЪЈЇ­ЪЈЇ­ЪЈЇ рІерЅхрѕФріЋрѕхрЇќрѕГрЅх ріарѕЏрѕФрїГ ріе70 - 200 рЅЦрѕГ
For delivery option fees are from 70 birr - 200 birr",2024-10-11 10:11:56+00:00,./data/images\photo_2024-10-11_10-11-56 (3).jpg
Lobelia pharmacy and cosmetics,lobelia4cosmetics,12415,"Pregnacare Before Conception 
30 tablets 
Price 4000
Telegram https://t.me/lobelia4cosmetics
Msg­ЪЉЅ Lobelia pharmacy and cosmetics 
Рўј№ИЈ call 0911562031/0911587703
Adress:- Infront of Bole Medhanialem high school 
Open Monday - Monday from 8am until midnight ріерѕ░ріъ - ріЦрѕхріе рѕ░ріъ┬а ріерїДрЅ▒ 2:00 рѕхрІЊрЅх - ріЦрѕхріе рѕЮрѕйрЅ▒ 6:00 рѕ░рІЊрЅх
­ЪЈЇ­ЪЈЇ­ЪЈЇ рІерЅхрѕФріЋрѕхрЇќрѕГрЅх ріарѕЏрѕФрїГ ріе70 - 200 рЅЦрѕГ
For delivery option fees are from 70 birr - 200 birr",2024-10-11 10:11:56+00:00,./data/images\photo_2024-10-11_10-11-56 (4).jpg
Lobelia pharmacy and cosmetics,lobelia4cosmetics,12414,"CENTRUM MEN 50+
Price 5700 birr 
Telegram https://t.me/lobelia4cosmetics
Msg­ЪЉЅ Lobelia pharmacy and cosmetics 
Рўј№ИЈ call 0911562031/0911587703
Adress:- Infront of Bole Medhanialem high school 
Open Monday - Monday from 8am until midnight ріерѕ░ріъ - ріЦрѕхріе рѕ░ріъ┬а ріерїДрЅ▒ 2:00 рѕхрІЊрЅх - ріЦрѕхріе рѕЮрѕйрЅ▒ 6:00 рѕ░рІЊрЅх
­ЪЈЇ­ЪЈЇ­ЪЈЇ рІерЅхрѕФріЋрѕхрЇќрѕГрЅх ріарѕЏрѕФрїГ ріе70 - 200 рЅЦрѕГ
For delivery option fees are from 70 birr - 200 birr",2024-10-11 10:11:56+00:00,./data/images\photo_2024-10-11_10-11-56 (5).jpg
Lobelia pharmacy and cosmetics,lobelia4cosmetics,12413,"NATURES BOUNTY VITAMIN B12 200 TABLETS 
Price 5000 birr 
Telegram https://t.me/lobelia4cosmetics
Msg­ЪЉЅ Lobelia pharmacy and cosmetics 
Рўј№ИЈ call 0911562031/0911587703
Adress:- Infront of Bole Medhanialem high school 
Open Monday - Monday from 8am until midnight ріерѕ░ріъ - ріЦрѕхріе рѕ░ріъ┬а ріерїДрЅ▒ 2:00 рѕхрІЊрЅх - ріЦрѕхріе рѕЮрѕйрЅ▒ 6:00 рѕ░рІЊрЅх
­ЪЈЇ­ЪЈЇ­ЪЈЇ рІерЅхрѕФріЋрѕхрЇќрѕГрЅх ріарѕЏрѕФрїГ ріе70 - 200 рЅЦрѕГ
For delivery option fees are from 70 birr - 200 birr",2024-10-11 10:11:56+00:00,./data/images\photo_2024-10-11_10-11-56 (6).jpg
Lobelia pharmacy and cosmetics,lobelia4cosmetics,12412,"BIOTIN 10000 mcg
Price 5000 birr 
Telegram https://t.me/lobelia4cosmetics
Msg­ЪЉЅ Lobelia pharmacy and cosmetics 
Рўј№ИЈ call 0911562031/0911587703
Adress:- Infront of Bole Medhanialem high school 
Open Monday - Monday from 8am until midnight ріерѕ░ріъ - ріЦрѕхріе рѕ░ріъ┬а ріерїДрЅ▒ 2:00 рѕхрІЊрЅх - ріЦрѕхріе рѕЮрѕйрЅ▒ 6:00 рѕ░рІЊрЅх
­ЪЈЇ­ЪЈЇ­ЪЈЇ рІерЅхрѕФріЋрѕхрЇќрѕГрЅх ріарѕЏрѕФрїГ ріе70 - 200 рЅЦрѕГ
For delivery option fees are from 70 birr - 200 birr",2024-10-11 10:11:56+00:00,./data/images\photo_2024-10-11_10-11-56 (7).jpg
Lobelia pharmacy and cosmetics,lobelia4cosmetics,12411,"EUCERIN PIGMENT CONTROL 
Price 4500 birr 
Telegram https://t.me/lobelia4cosmetics
Msg­ЪЉЅ Lobelia pharmacy and cosmetics 
Рўј№ИЈ call 0911562031/0911587703
Adress:- Infront of Bole Medhanialem high school 
Open Monday - Monday from 8am until midnight ріерѕ░ріъ - ріЦрѕхріе рѕ░ріъ┬а ріерїДрЅ▒ 2:00 рѕхрІЊрЅх - ріЦрѕхріе рѕЮрѕйрЅ▒ 6:00 рѕ░рІЊрЅх
­ЪЈЇ­ЪЈЇ­ЪЈЇ рІерЅхрѕФріЋрѕхрЇќрѕГрЅх ріарѕЏрѕФрїГ ріе70 - 200 рЅЦрѕГ
For delivery option fees are from 70 birr - 200 birr",2024-10-10 14:47:05+00:00,./data/images\photo_2024-10-10_14-47-05.jpg
Lobelia pharmacy and cosmetics,lobelia4cosmetics,12410,"EUCERIN OIL CONTROL 
Price 4500 birr 
Telegram https://t.me/lobelia4cosmetics
Msg­ЪЉЅ Lobelia pharmacy and cosmetics 
Рўј№ИЈ call 0911562031/0911587703
Adress:- Infront of Bole Medhanialem high school 
Open Monday - Monday from 8am until midnight ріерѕ░ріъ - ріЦрѕхріе рѕ░ріъ┬а ріерїДрЅ▒ 2:00 рѕхрІЊрЅх - ріЦрѕхріе рѕЮрѕйрЅ▒ 6:00 рѕ░рІЊрЅх
­ЪЈЇ­ЪЈЇ­ЪЈЇ рІерЅхрѕФріЋрѕхрЇќрѕГрЅх ріарѕЏрѕФрїГ ріе70 - 200 рЅЦрѕГ
For delivery option fees are from 70 birr - 200 birr",2024-10-10 14:47:05+00:00,./data/images\photo_2024-10-10_14-47-05 (1).jpg
Lobelia pharmacy and cosmetics,lobelia4cosmetics,12409,"NEUTROGENA RAPID TONE REPAIR 
Price 3000 birr 
Telegram https://t.me/lobelia4cosmetics
Msg­ЪЉЅ Lobelia pharmacy and cosmetics 
Рўј№ИЈ call 0911562031/0911587703
Adress:- Infront of Bole Medhanialem high school 
Open Monday - Monday from 8am until midnight ріерѕ░ріъ - ріЦрѕхріе рѕ░ріъ┬а ріерїДрЅ▒ 2:00 рѕхрІЊрЅх - ріЦрѕхріе рѕЮрѕйрЅ▒ 6:00 рѕ░рІЊрЅх
­ЪЈЇ­ЪЈЇ­ЪЈЇ рІерЅхрѕФріЋрѕхрЇќрѕГрЅх ріарѕЏрѕФрїГ ріе70 - 200 рЅЦрѕГ
For delivery option fees are from 70 birr - 200 birr",2024-10-10 14:47:05+00:00,./data/images\photo_2024-10-10_14-47-05 (2).jpg
Lobelia pharmacy and cosmetics,lobelia4cosmetics,12408,"NEUTROGENA INVISIBLE DAILY  DEFENSE 
Price 3500 birr 
Telegram https://t.me/lobelia4cosmetics
Msg­ЪЉЅ Lobelia pharmacy and cosmetics 
Рўј№ИЈ call 0911562031/0911587703
Adress:- Infront of Bole Medhanialem high school 
Open Monday - Monday from 8am until midnight ріерѕ░ріъ - ріЦрѕхріе рѕ░ріъ┬а ріерїДрЅ▒ 2:00 рѕхрІЊрЅх - ріЦрѕхріе рѕЮрѕйрЅ▒ 6:00 рѕ░рІЊрЅх
­ЪЈЇ­ЪЈЇ­ЪЈЇ рІерЅхрѕФріЋрѕхрЇќрѕГрЅх ріарѕЏрѕФрїГ ріе70 - 200 рЅЦрѕГ
For delivery option fees are from 70 birr - 200 birr",2024-10-10 14:47:05+00:00,./data/images\photo_2024-10-10_14-47-05 (3).jpg
Lobelia pharmacy and cosmetics,lobelia4cosmetics,12407,"NEUTROGENA RETINOL SPF 30
Price 4500 birr 
Telegram https://t.me/lobelia4cosmetics
Msg­ЪЉЅ Lobelia pharmacy and cosmetics 
Рўј№ИЈ call 0911562031/0911587703
Adress:- Infront of Bole Medhanialem high school 
Open Monday - Monday from 8am until midnight ріерѕ░ріъ - ріЦрѕхріе рѕ░ріъ┬а ріерїДрЅ▒ 2:00 рѕхрІЊрЅх - ріЦрѕхріе рѕЮрѕйрЅ▒ 6:00 рѕ░рІЊрЅх
­ЪЈЇ­ЪЈЇ­ЪЈЇ рІерЅхрѕФріЋрѕхрЇќрѕГрЅх ріарѕЏрѕФрїГ ріе70 - 200 рЅЦрѕГ
For delivery option fees are from 70 birr - 200 birr",2024-10-10 14:47:05+00:00,./data/images\photo_2024-10-10_14-47-05 (4).jpg
Lobelia pharmacy and cosmetics,lobelia4cosmetics,12406,"NEUTROGENA NIACINAMIDE SERUM 5500
Price 5000 birr 
Telegram https://t.me/lobelia4cosmetics
Msg­ЪЉЅ Lobelia pharmacy and cosmetics 
Рўј№ИЈ call 0911562031/0911587703
Adress:- Infront of Bole Medhanialem high school 
Open Monday - Monday from 8am until midnight ріерѕ░ріъ - ріЦрѕхріе рѕ░ріъ┬а ріерїДрЅ▒ 2:00 рѕхрІЊрЅх - ріЦрѕхріе рѕЮрѕйрЅ▒ 6:00 рѕ░рІЊрЅх
­ЪЈЇ­ЪЈЇ­ЪЈЇ рІерЅхрѕФріЋрѕхрЇќрѕГрЅх ріарѕЏрѕФрїГ ріе70 - 200 рЅЦрѕГ
For delivery option fees are from 70 birr - 200 birr",2024-10-10 14:47:05+00:00,./data/images\photo_2024-10-10_14-47-05 (5).jpg
Lobelia pharmacy and cosmetics,lobelia4cosmetics,12405,"OLAY COMPLETE MOISTURIZER 
Price 4000 birr 
Telegram https://t.me/lobelia4cosmetics
Msg­ЪЉЅ Lobelia pharmacy and cosmetics 
Рўј№ИЈ call 0911562031/0911587703
Adress:- Infront of Bole Medhanialem high school 
Open Monday - Monday from 8am until midnight ріерѕ░ріъ - ріЦрѕхріе рѕ░ріъ┬а ріерїДрЅ▒ 2:00 рѕхрІЊрЅх - ріЦрѕхріе рѕЮрѕйрЅ▒ 6:00 рѕ░рІЊрЅх
­ЪЈЇ­ЪЈЇ­ЪЈЇ рІерЅхрѕФріЋрѕхрЇќрѕГрЅх ріарѕЏрѕФрїГ ріе70 - 200 рЅЦрѕГ
For delivery option fees are from 70 birr - 200 birr",2024-10-10 14:47:05+00:00,./data/images\photo_2024-10-10_14-47-05 (6).jpg
Lobelia pharmacy and cosmetics,lobelia4cosmetics,12404,"LAROCHE BRIGHT REVEAL 
Price 4500 birr 
Telegram https://t.me/lobelia4cosmetics
Msg­ЪЉЅ Lobelia pharmacy and cosmetics 
Рўј№ИЈ call 0911562031/0911587703
Adress:- Infront of Bole Medhanialem high school 
Open Monday - Monday from 8am until midnight ріерѕ░ріъ - ріЦрѕхріе рѕ░ріъ┬а ріерїДрЅ▒ 2:00 рѕхрІЊрЅх - ріЦрѕхріе рѕЮрѕйрЅ▒ 6:00 рѕ░рІЊрЅх
­ЪЈЇ­ЪЈЇ­ЪЈЇ рІерЅхрѕФріЋрѕхрЇќрѕГрЅх ріарѕЏрѕФрїГ ріе70 - 200 рЅЦрѕГ
For delivery option fees are from 70 birr - 200 birr",2024-10-10 14:47:05+00:00,./data/images\photo_2024-10-10_14-47-05 (7).jpg
рІерїцріЊ рІѕрїЇ - рІерїцріЊ рѕўрѕерїЃ,yetenaweg,1181,,2024-10-06 16:26:40+00:00,
рІерїцріЊ рІѕрїЇ - рІерїцріЊ рѕўрѕерїЃ,yetenaweg,1180,рЅ░рїђрѕЮрѕ»рѕЇ !!,2024-10-06 15:03:40+00:00,
рІерїцріЊ рІѕрїЇ - рІерїцріЊ рѕўрѕерїЃ,yetenaweg,1179,,2024-10-06 14:58:28+00:00,
рІерїцріЊ рІѕрїЇ - рІерїцріЊ рѕўрѕерїЃ,yetenaweg,1178,,2024-10-04 13:14:17+00:00,
рІерїцріЊ рІѕрїЇ - рІерїцріЊ рѕўрѕерїЃ,yetenaweg,1177,,2024-10-04 13:14:17+00:00,
рІерїцріЊ рІѕрїЇ - рІерїцріЊ рѕўрѕерїЃ,yetenaweg,1176,,2024-10-04 13:14:16+00:00,
рІерїцріЊ рІѕрїЇ - рІерїцріЊ рѕўрѕерїЃ,yetenaweg,1175,"­Ъц▒**рЅарІхрѕЁрѕе рІѕрѕірІх рїірІю рѕЮріЋ рѕЏрІѕрЅЁ ріарѕѕрЅЦрІјрЅх??**

­ЪїИрЅђрІ░рѕЮрЅх рІерІхрѕЁрѕе рІѕрѕірІх рїірІю рЅарѕ┤рЅХрЅй рѕЁрІГрІѕрЅх рІЇрѕхрїЦ ріерІѕрѕірІх рЅаріІрѕІ рЅаріаріФрѕЇрЇБ рЅарѕхрѕюрЅ│рІі ріЦріЊ рЅарѕхріљ рѕЇрЅдріЊ рѕѕрІЇрїдрЅй рІерѕџрЅ│рІѕрЅЁ рІѕрѕ│ріЮ рѕЮрІЋрѕФрЇЇ ріљрІЇрЇб

­ЪњЂРђЇРЎђ**рЅ░ріерЅ│рІГ ріаріФрѕІрІі рѕѕрІЇрїдрЅйріЋ рЅарїЦрЅѓрЅ▒:-
┬а┬а┬а**­ЪњФ рІерѕЏрѕЋрЇђріЋ рѕўрі«рѕЏрЅ░рѕГ┬а
┬а┬а ­ЪњФ┬а рІ░рѕЮ рѕўрЇЇрѕ░рѕх ріЦріЊ рѕјрЅ║рІФ┬а┬а**
┬а┬а┬а ­ЪњФ**рІерІхрѕЁрѕе рІѕрѕірІх рѕЁрѕўрѕЮ ріЦріЊ рѕЮрЅЙрЅх рѕЏрїБрЅх

­ЪДЉРђЇ­Ъћг**рІерѕЋріГрѕЮріЊ ріЦрѕГрІ│рЅ│ рѕўрЅ╝ рІФрѕхрЇѕрѕЇрїІрѕЇ?**

­ЪїИ**рІеріаріЦрѕЮрѕ« рїцріЊрІјріЋ ріЦріЋрІ┤рЅх рІГріЋріерЅБріерЅА?

­ЪїИріарІ▓рѕх рІерЅ░рІѕрѕѕрІ░ рѕЇрїЁріЋ рѕѕрѕўріЋріерЅБріерЅЦ┬а рїцріЊрѕЏ рѕўрѕўрѕГрІФрІјрЅй рѕЮріЋрІхріЊрЅИрІЇ?**

­ЪЎјРђЇРЎђ**рІерІхрѕЁрѕе рІѕрѕірІх ріЦріЋріГрЅЦріФрЅц ріЦріЊ рѕЮрѕГрѕўрѕФ рѕЮріЋ рІГрѕўрѕхрѕІрѕЇ?**

­ЪњФ**ріЦріљрІџрѕЁріЋ ріЦріЊ рѕїрѕјрЅй рїЦрІФрЅёрІјрЅйріЋ рѕўрѕЇрѕх рѕѕрѕЏрїЇріўрЅх ­ЪЉЅ­ЪЈЙ**[ріЦрІџрѕЁ рІГрїФріЉрЇб](https://yetenaweg.com/%e1%89%80%e1%8b%b0%e1%88%9d-%e1%89%a3%e1%88%88%e1%8b%8d-%e1%8b%b5%e1%88%85%e1%88%a8-%e1%8b%88%e1%88%8a%e1%8b%b5-%e1%8c%8a%e1%8b%9c-%e1%88%9d%e1%8a%95-%e1%88%9b%e1%8b%88%e1%89%85-%e1%8a%a0%e1%88%88/)
[
­ЪњФ](https://t.me/yetenaweg)**рІерЅ┤рѕїрїЇрѕФрѕЮ рЅ╗ріЊрѕІрЅйріЋріЋ рѕѕрѕўрЅђрѕІрЅђрѕЇ ­ЪЉЅ­ЪЈЙ **[ріЦрІџрѕЁ рІГрїФріЉрЇб](https://t.me/yetenaweg)",2024-10-04 13:14:16+00:00,
рІерїцріЊ рІѕрїЇ - рІерїцріЊ рѕўрѕерїЃ,yetenaweg,1172,,2024-10-03 05:09:38+00:00,
рІерїцріЊ рІѕрїЇ - рІерїцріЊ рѕўрѕерїЃ,yetenaweg,1171,"­ЪњАрЅарІџрѕЁ ріЦрѕЂрІх рЅарЅ┤рѕїрїЇрѕФрѕЮ рЅђрїЦрЅ│ рѕхрѕГрїГрЅх **рІеріЦріЋрЅЁрѕЇрЇЇ рЅйрїЇрѕ«рЅй** рІерѕџрІ│рѕхрѕх рІЇрІГрІГрЅх рІГрІўріЋ рЅђрѕГрЅаріЊрѕЇрЇб

­ЪЏїрІеріЦріЋрЅЁрѕЇрЇЇ рЅйрїЇрѕ«рЅй рЅарЅ░рѕѕрІФрІЕ рѕЮріГріЋрІФрЅХрЅй рѕірѕўрїА рІГрЅйрѕІрѕЅ ріеріЦріљрІџрѕЁрѕЮ рѕўріФріерѕЇ: 
­ЪЉЅ рѕЦрѕГ рІерѕ░рІ░рІ░ рѕЋрѕўрѕЮ
­ЪЉЅ рІеріаріЦрѕЮрѕ« рїцріЊ рїЅрІ│рІ«рЅй 
­ЪЉЅ рѕўрІ░рЅаріЏ рІФрѕЇрѕєріљ рІеріЦріЋрЅЁрѕЇрЇЇ рѕўрѕГрѕЃ рїЇрЅЦрѕГ
­ЪЉЅ ріаріФрЅБрЅбрІФрІі рѕЮріГріЋрІФрЅХрЅй 
­ЪЉЅ ріеріЦрІхрѕю рїІрѕГ рІерЅ░рїѕріЊріЎ рѕѕрІЇрїдрЅй 
­ЪЉЅ рѕўрІхрѕЃріњрЅХрЅй ріЦріЋрІ▓рѕЂрѕЮ рѕїрѕјрЅйріЋ рІФріФрЅхрЅ│рѕЇ

­ЪЌБріЦріЋрїЇрІ│рЅйріЋ:
­ЪЉЅ **рІФрЇїрЅх ріерЇѕрѕѕріЮ (рЅаріарЅЦрѕГрѕєрЅх рІерѕхріљрІЊрІЋрѕЮрѕ« рѕЁріГрѕЮріЊ рЅ░рЅІрѕЮ рІерѕхріљ ріарІЋрѕЮрѕ« ріарѕЏріФрѕф )**

­ЪЌЊ**ріЦрѕЂрІх рѕўрѕхріерѕерѕЮ 26 2017**

РЈ░**ріерѕЮрѕйрЅ▒ 12 рѕ░рІЊрЅх (рЅарібрЅхрІ«рїхрІФ)**

РџА№ИЈрІЇрІГрІГрЅ▒ріЋ рѕѕрѕўрЅђрѕІрЅђрѕЇ ріЦрІџрѕЁ рІГрїФріЉ 
­ЪЉЄ­ЪЉЄ­ЪЉЄ­ЪЉЄ­ЪЉЄ­ЪЉЄ­ЪЉЄ­ЪЉЄ
https://t.me/yetenaweg?livestream

РџА№ИЈрІерІЇрІГрІГрЅх рЅ╗ріЊрѕІрЅйріЋріЋ рѕѕрѕўрЅђрѕІрЅђрѕЇ ріЦрІџрѕЁ рІГрїФріЉ: https://t.me/+dl4juoncBxMyODVh",2024-10-03 05:09:38+00:00,
рІерїцріЊ рІѕрїЇ - рІерїцріЊ рѕўрѕерїЃ,yetenaweg,1170,,2024-10-02 10:33:05+00:00,
рІерїцріЊ рІѕрїЇ - рІерїцріЊ рѕўрѕерїЃ,yetenaweg,1169,"РГљ№ИЈ**рЅ▓рЅб(рЅ▒рЅарѕГріЕрѕјрѕ▓рѕх) рѕЮріЋрІхріЋ ріљрІЇ?**

­ЪњФрѕ│ріЋрЅБ ріљрЅђрѕГрѕ│ (рЅ▓рЅб)рЅарЅБріГрЅ┤рѕфрІФ рІерѕџріерѕ░рЅх рЅ░рѕІрѕІрЇі рЅарѕйрЅ│ рѕ▓рѕєріЋ рЅЦрІЎрІЇріЋ рїірІю рѕ│ріЋрЅБріЋ рІФрїарЅЃрѕЇ::

РГљ№ИЈ**рІерЅ▓рЅб рѕЮрѕЇріГрЅХрЅй┬а рЅарїЦрЅѓрЅ▒ рІерѕџріерЅ░рѕЅрЅхріЋ рІФріФрЅхрЅ│рѕЅ:**
Рђб рѕерІўрѕЮ рѕІрѕѕ рїірІю рѕ│рѕЇ (ріаріЋрІ│ріЋрІх рїірІю рІ░рѕЮ рІерЅђрѕІрЅђрѕѕ ріаріГрЅ│)
Рђб рІерІ░рѕерЅх рѕЁрѕўрѕЮ
Рђб рІхріФрѕЮ
Рђб ріГрЅЦрІ░рЅх рѕўрЅђріљрѕх
Рђб рЅхріЕрѕ│рЅх
Рђб рІерѕЮрѕйрЅх рѕІрЅЦ ріЦріЊ
Рђб рІерѕЮрїЇрЅЦ рЇЇрѕІрїјрЅх рѕўрЅђріљрѕхрЇА

РГљ№ИЈ**рѕѕрЅарѕйрЅ│рІЇ рЅ░рїІрѕІрїГ рІерѕџрІФрІ░рѕГрїЅ рѕЂріћрЅ│рІјрЅй рѕЮріЋрІхріЊрЅИрІЇ?**

­Ъњі**рѕЁріГрѕЮріЊрІЇ рѕЮріЋ рІГрѕўрѕхрѕІрѕЇ?**

РГљ№ИЈ**рІерЅарѕйрЅ│рІЇ рѕўріерѕІріерІФ рѕўріЋрїѕрІХрЅй рѕЮріЋ рѕЮріЋ ріЊрЅИрІЇ?**

­ЪїЪ**ріЦріљрІџрѕЁріЋ ріЦріЊ рѕїрѕјрЅй рїЦрІФрЅёрІјрЅйріЋ рѕўрѕЇрѕх рѕѕрѕЏрїЇріўрЅх ­ЪЉЅ­ЪЈЙ**[ріЦрІџрѕЁ рІГрїФріЉрЇб](https://yetenaweg.com/%e1%8b%a8%e1%88%b3%e1%8a%95%e1%89%a3-%e1%8a%90%e1%89%80%e1%88%ad%e1%88%b3/)[
](https://t.me/yetenaweg)
­ЪїЪ**рІерЅ┤рѕїрїЇрѕФрѕЮ рЅ╗ріЊрѕІрЅйріЋріЋ рѕѕрѕўрЅђрѕІрЅђрѕЇ **­ЪЉЅ­ЪЈЙ[ ріЦрІџрѕЁ рІГрїФріЉрЇб](https://t.me/yetenaweg)",2024-10-02 07:04:03+00:00,
рІерїцріЊ рІѕрїЇ - рІерїцріЊ рѕўрѕерїЃ,yetenaweg,1168,,2024-09-25 06:38:30+00:00,
рІерїцріЊ рІѕрїЇ - рІерїцріЊ рѕўрѕерїЃ,yetenaweg,1167,,2024-09-25 06:38:30+00:00,
рІерїцріЊ рІѕрїЇ - рІерїцріЊ рѕўрѕерїЃ,yetenaweg,1166,,2024-09-25 06:38:29+00:00,
рІерїцріЊ рІѕрїЇ - рІерїцріЊ рѕўрѕерїЃ,yetenaweg,1165,,2024-09-25 06:38:29+00:00,
рІерїцріЊ рІѕрїЇ - рІерїцріЊ рѕўрѕерїЃ,yetenaweg,1164,"­ЪњЦ **рїЅрѕГрѕЮрѕхріЊ**­ЪњЦ

­ЪњЦрїЅрѕГрѕЮрѕхріЊ рѕЏрѕѕрЅх рЅаріарѕхрѕФрІјрЅ╣┬а рІеріЦрІхрѕю ріГрѕЇрѕЇ рѕўрїђрѕўрѕфрІФ рІЇрѕхрїЦ рІерѕџрїѕріЎ рѕЇрїєрЅй рІерѕџрІФрѕ│рІЕрЅх ріаріФрѕІрІіріЊ рѕхріљ рѕЇрЅдріЊрІі рѕѕрІЇрїЦ ріљрІЇ рЇб 
­ЪњЦрІГрѕЁ рїірІю рѕЇрїєрЅй рІѕрІ░ рІѕрїБрЅхріљрЅх рѕѕрѕЏрІ░рїЇ рІерѕџріЋрІ░рѕерІ░рѕЕрЅарЅх рЅЦрІЎ рІерЅБрѕЁрѕф рѕѕрІЇрїдрЅйріЋ рІерѕџрІФрѕхрЅ░ріЊрїЇрІ▒рЅарЅх рІѕрЅЁрЅх ріљрІЇрЇб 

­ЪЉЅрЅарїЅрѕГрѕЮрѕхріЊ рїірІю рІе рѕџрЅ│рІЕ рѕѕрІЇрїдрЅй рѕЮріЋ рѕЮріЋ ріЊрЅИрІЇ? 
­ЪЉЅрІерѕЇрїєрЅйріЊ рІерІѕрѕІрїєрЅй рїЇріЋріЎріљрЅх рѕЮріЋ рІГрѕўрѕхрѕІрѕЇ ? 
­ЪЉЅ рІѕрѕІрїєрЅй рѕѕрІџрѕЁ рѕѕрІЇрїЦ рѕЮріЋ ріарІГріљрЅх рѕЮрѕІрѕй рѕўрѕхрїарЅх ріарѕѕрЅБрЅИрІЇ?

­ЪћИ рѕѕрЅарѕѕрїа рѕўрѕерїЃ: [ріЦрІџрѕЁ рІГрїФріЉ](https://yetenaweg.com/tag/%E1%8C%89%E1%88%AD%E1%88%9D%E1%88%B5%E1%8A%93/)",2024-09-25 06:38:28+00:00,
рІерїцріЊ рІѕрїЇ - рІерїцріЊ рѕўрѕерїЃ,yetenaweg,1163,,2024-09-23 08:09:39+00:00,
рІерїцріЊ рІѕрїЇ - рІерїцріЊ рѕўрѕерїЃ,yetenaweg,1162,,2024-09-23 08:09:39+00:00,
рІерїцріЊ рІѕрїЇ - рІерїцріЊ рѕўрѕерїЃ,yetenaweg,1161,"рІЊрѕѕрѕЮ ріарЅђрЇЇ рІерѕЮрѕЇріГрЅх рЅІріЋрЅІ рЅђріЋ рѕўрѕхріерѕерѕЮ 13 рЅђріЋ рЅарѕўрѕІрІЇ рІЊрѕѕрѕЮ рЅ░ріерЅЦрѕ« рІГрІЇрѕІрѕЇрЇб

рЅарІџрѕЁ рЅђріЋ рѕўрѕхрѕЏрЅх рІерЅ░рѕ│ріЊрЅИрІЇ рІѕрїѕріќрЅйрІјріЋ рѕўрІ░рїѕрЇЇрЇБ рѕѕрѕ░рЅЦріарІі рѕўрЅЦрЅХрЅ╗рЅИрІЇ рѕўрѕЪрїѕрЅх ріЦріЊ рѕѕрѕЮрѕЇріГрЅх рЅІріЋрЅІ рІхрїІрЇЇрІјріЋ рѕЏрѕ│рІерЅх ріарІГрѕГрѕ▒рЇб

рІерїцріЊ рІѕрїЇ рІГрѕЁріЋріЋ рЅђріЋ ріЦріљрІџрѕЁріЋ рЅарѕЋріГрѕЮріЊ рѕІрІГ рІерѕџрІўрІѕрЅ░рѕЕ рІерѕЮрѕЇріГрЅх рЅІріЋрЅІрІјрЅй рЅарѕўрѕѕрѕЏрѕўрІх ріЦріЋрІ▓рІФріерЅЦрѕЕ рІГрїІрЅЦрІЮрІјрЅ│рѕЇрЇб",2024-09-23 08:09:38+00:00,
рІерїцріЊ рІѕрїЇ - рІерїцріЊ рѕўрѕерїЃ,yetenaweg,1160,ріЦріЋрі│ріЋ рѕѕріарІ▓рѕ▒ рІЊрѕўрЅх рЅарѕ░рѕІрѕЮ ріарІ░рѕерѕ│рЅйрѕЂрЇб,2024-09-11 07:46:56+00:00,
ETHIO-AMERICAN MEDICAL TRAININGS( CPD ) & HEALTH CONSULTANCY CENTER,eahci,2397,,2024-10-11 14:57:29+00:00,
ETHIO-AMERICAN MEDICAL TRAININGS( CPD ) & HEALTH CONSULTANCY CENTER,eahci,2396,"­ЪњЦрІЏрѕг рІГрїђрѕЮрѕФрѕЇ
#рІерѕърІФ рЇѕрЅЃрІх рЅарЅЁрѕГрЅА рѕѕрѕЮрЅ│рѕ│рІхрѕ▒┬а┬а­ЪњЦ┬а┬а┬а┬а┬а┬а┬а┬а┬а┬а┬а┬а 

#CPD_(+Online )

#рїЦрЅЁрѕЮрЅх 1/ 2017 рІГрїђрѕЮрѕФрѕЇРЮЌ№ИЈ

# Infection Prevention(15 CEU)

рѕѕрѕЂрѕЅрѕЮ рІерїцріЊ рЅБрѕѕрѕърІФрІјрЅй рЅарѕЂрѕЅрѕЮ ріГрѕЇрѕјрЅйріЊ ріерЅ░рѕърЅй рѕІрѕІрЅйрЅйрѕЂРЮЌ
--------------------------------------------

Рўј№ИЈ0965412222
Рўј№ИЈ0968670067
Рўј№ИЈ0942404444
Рўј№ИЈ0965410000
­ЪЊ▒0941404444
Рўј№ИЈ0462124400┬а 
┬а┬а┬а Ethio-American CPD center & Health Consultancy.
­ЪЈЃWe Are Committed To Excellence In Medical TrainingsРЮЌ№ИЈ
-join our telegram channel 
T.me/eahci",2024-10-10 13:40:09+00:00,
ETHIO-AMERICAN MEDICAL TRAININGS( CPD ) & HEALTH CONSULTANCY CENTER,eahci,2395,"­ЪњЦ
#рІерѕърІФ рЇѕрЅЃрІх рЅарЅЁрѕГрЅА рѕѕрѕЮрЅ│рѕ│рІхрѕ▒┬а┬а­ЪњЦ┬а┬а┬а┬а┬а┬а┬а┬а┬а┬а┬а┬а 

#CPD_(+Online )

#рѕўрѕхріерѕерѕЮ 30/ 2017 рІГрїђрѕЮрѕФрѕЇРЮЌ№ИЈ

# Infection Prevention(15 CEU)

рѕѕрѕЂрѕЅрѕЮ рІерїцріЊ рЅБрѕѕрѕърІФрІјрЅй рЅарѕЂрѕЅрѕЮ ріГрѕЇрѕјрЅйріЊ ріерЅ░рѕърЅй рѕІрѕІрЅйрЅйрѕЂРЮЌ
--------------------------------------------

Рўј№ИЈ0965412222
Рўј№ИЈ0968670067
Рўј№ИЈ0942404444
Рўј№ИЈ0965410000
­ЪЊ▒0941404444
Рўј№ИЈ0462124400┬а 
┬а┬а┬а Ethio-American CPD center & Health Consultancy.
­ЪЈЃWe Are Committed To Excellence In Medical TrainingsРЮЌ№ИЈ
-join our telegram channel 
T.me/eahci",2024-10-09 10:46:24+00:00,
ETHIO-AMERICAN MEDICAL TRAININGS( CPD ) & HEALTH CONSULTANCY CENTER,eahci,2394,,2024-10-07 10:56:58+00:00,
ETHIO-AMERICAN MEDICAL TRAININGS( CPD ) & HEALTH CONSULTANCY CENTER,eahci,2393,"#Basic_Abdominal_Ultrasound_Training @#Hawassa 
­ЪЉЅрїЦрЅЁрѕЮрЅх 2/ 2017 рїђрѕЮрѕ«┬а рІГрѕ░рїБрѕЇрЇб 
---------------------------------------------

РюћріарІўрїІрїЁ-Ethio-American CPD center in collaboration with selected hospitals .
Call & Register ┬а
┬а┬а ­ЪЊ│┬а0965412222 Dr shalom
┬а┬а ­ЪЊ│0965410000
┬а┬а ­ЪЊ│0942404444
┬а┬а┬а­ЪЊ│0941404444
­ЪЈЃFor more info .follow us on telegram :-
t.me/eahci",2024-10-07 08:38:38+00:00,
ETHIO-AMERICAN MEDICAL TRAININGS( CPD ) & HEALTH CONSULTANCY CENTER,eahci,2392,"­ЪњЦ ріЦріЋрІ│рІФрѕўрѕЇрїЦрІј ­ЪњЦ
#Obstetric_Ultrasound_Training#Addis_Ababa

­ЪЉЅрїЦрЅЁрѕЮрЅх 2 /2017рїђрѕЮрѕ« рѕѕ 1 рѕ│рѕЮріЋрЅх рІГрѕ░рїБрѕЇ рЇб(ріеріГрѕЁрѕјрЅ▒ рЅБрѕ╗рїѕрѕГ рІе15CEU CPD Certificate┬а ріЦріЋрѕ░рїБрѕѕріЋрЇб)
---------------------------------------------
РЈЕрѕ░рѕЇрїБріърЅй-Medical Doctors , Medical Rad.Technologists , HO, Bsc ,& Msc Midwifery.
РЈЕріарѕ░рѕЇрїБріърЅй-Rad & OBGYN specialists .
­ЪџЕрІерѕхрѕЇрїаріЊ рЅдрЅ│-рЅарЅ░рѕўрѕерїА рѕєрѕхрЇњрЅ│рѕјрЅй
РюћріарІўрїІрїЁ-Ethio-American CPD center in collaboration with selected hospitals .
Call & Register 
┬а┬а­ЪЊ▓Dr shalom 0965412222
┬а ┬а­ЪЊ│ Selam      0968670067
┬а ┬а­ЪЊ│ Ekram      0965410000
┬а┬а ­ЪЊ│┬аTinbit ┬а┬а┬а┬а┬а 0942404444
┬а┬а┬а­ЪЊ│ Office┬а┬а┬а┬а┬а┬а┬а┬а0941404444
┬а┬а ­ЪЊ│ Office┬а┬а┬а┬а┬а┬а┬а 0462124400
­ЪЈЃFor more info .follow us on telegram :-
t.me/eahci",2024-10-07 08:35:47+00:00,
ETHIO-AMERICAN MEDICAL TRAININGS( CPD ) & HEALTH CONSULTANCY CENTER,eahci,2391,"#Dental_Extraction & Care #Training #ріљрїѕ_рІГрїђрѕЮрѕФрѕЇ
┬а┬а┬а┬а┬а┬а┬а┬а┬а┬а┬а┬а┬а┬а┬а┬а┬а┬а┬а┬а @ Hawassa 
­ЪЉЅрѕўрѕхріерѕерѕЮ 27/ 2017рїђрѕЮрѕ«┬а рІГрѕ░рїБрѕЇрЇб 
---------------------------------------------

РюћріарІўрїІрїЁ-Ethio-American CPD center in collaboration with selected hospitals .

Call & Register ┬а

┬а┬а Рўј№ИЈ┬а0965412222
┬а┬а Рўј№ИЈ0968670067
┬а┬а Рўј№ИЈ0965410000
┬а┬а┬аРўј№ИЈ0942404444

­ЪЈЃFor more info .follow us on telegram :-
t.me/eahci",2024-10-06 12:48:06+00:00,
ETHIO-AMERICAN MEDICAL TRAININGS( CPD ) & HEALTH CONSULTANCY CENTER,eahci,2390,"­ЪњЦ
#рІерѕърІФ рЇѕрЅЃрІх рЅарЅЁрѕГрЅА рѕѕрѕЮрЅ│рѕ│рІхрѕ▒┬а┬а­ЪњЦ┬а┬а┬а┬а┬а┬а┬а┬а┬а┬а┬а┬а 
#CPD_(+Online )
#рѕўрѕхріерѕерѕЮ 29/ 2017 рІГрїђрѕЮрѕФрѕЇРЮЌ№ИЈ

# Infection Prevention(15 CEU)

рѕѕрѕЂрѕЅрѕЮ рІерїцріЊ рЅБрѕѕрѕърІФрІјрЅй рЅарѕЂрѕЅрѕЮ ріГрѕЇрѕјрЅйріЊ ріерЅ░рѕърЅй рѕІрѕІрЅйрЅйрѕЂРЮЌ
--------------------------------------------
Рўј№ИЈ0942404444 
Рўј№ИЈ0965410000
Рўј№ИЈ0965412222
Рўј№ИЈ0462124400┬а 
┬а┬а┬а Ethio-American CPD center & Health Consultancy.
­ЪЈЃWe Are Committed To Excellence In Medical TrainingsРЮЌ№ИЈ
-join our telegram channel 
T.me/eahci",2024-10-06 08:00:58+00:00,
ETHIO-AMERICAN MEDICAL TRAININGS( CPD ) & HEALTH CONSULTANCY CENTER,eahci,2389,"Baga Ayyaana Irreechaa nagaan geessan!
рѕўрѕЇріФрѕЮ рІерібрѕгрЅ╗ рЅарІЊрѕЇ! 
Ayyaana Gaarii!",2024-10-05 11:41:20+00:00,
ETHIO-AMERICAN MEDICAL TRAININGS( CPD ) & HEALTH CONSULTANCY CENTER,eahci,2388,"Notice­ЪњЦ

 We would like to inform you that  Obstetric Ultrasound Training to be given at Addis Ababa has been postponed for the next week ( October 13 /2024) due to the Irrecha Holiday.",2024-10-05 09:52:07+00:00,
ETHIO-AMERICAN MEDICAL TRAININGS( CPD ) & HEALTH CONSULTANCY CENTER,eahci,2387,"#Dental_Extraction_&_Care_Training­ЪњЦ
┬а┬а┬а┬а┬а┬а┬а┬а┬а┬а┬а┬а┬а┬а┬а┬а┬а┬а┬а┬а @ Hawassa 
­ЪЉЅрѕўрѕхріерѕерѕЮ 27/ 2017рїђрѕЮрѕ«┬а рІГрѕ░рїБрѕЇрЇб 
---------------------------------------------

РюћріарІўрїІрїЁ-Ethio-American CPD center in collaboration with selected hospitals .

Call & Register ┬а

┬а┬а Рўј№ИЈ┬а0965412222  Dr Shalom
┬а┬а Рўј№ИЈ0968670067
┬а┬а Рўј№ИЈ0965410000   Ekram
┬а┬а┬аРўј№ИЈ0942404444

­ЪЈЃFor more info .follow us on telegram :-
t.me/eahci",2024-10-04 13:29:53+00:00,
ETHIO-AMERICAN MEDICAL TRAININGS( CPD ) & HEALTH CONSULTANCY CENTER,eahci,2386,"#­ЪњЦріЦрѕЂрІх_Addis_Ababa_Ultrasound_Training)#CPD_рѕхрѕЇрїаріЊріЋ_ріерѕЮрѕГрїЦ_ріГрѕЁрѕјрЅх_рїІрѕГ_рІФрѕхрЅ░рѕ│рѕхрѕЕ )
 #Addis Ababa  рѕўрѕхріерѕерѕЮ 26  /2017 рїђрѕЮрѕ« рѕѕ 1 рѕ│рѕЮріЋрЅх рІГрѕ░рїБрѕЇ рЇб(ріеріГрѕЁрѕјрЅ▒ рЅБрѕ╗рїѕрѕГ рІе15CEU CPD Certificate┬а ріЦріЋрѕ░рїБрѕѕріЋрЇб)
----------------------------------------
РЈЕрѕ░рѕЇрїБріърЅй-Medical Doctors , Medical Rad.Technologists , HO, Bsc ,& Msc Midwifery.
РЈЕріарѕ░рѕЇрїБріърЅй-Rad & OBGYN specialists .

РюћріарІўрїІрїЁ-Ethio-American CPD center in collaboration with selected hospitals .
Call & Register 
­ЪЊъDr shalom 0965412222┬а┬а
­ЪЊъSelam        0968670067
­ЪЊъTinbit┬а┬а┬а┬а┬а┬а┬а  0942404444
­ЪЊъEkram        0965410000
┬а­ЪЊ│Office        0941404444 
┬а­ЪЊ│ Office┬а┬а┬а┬а┬а┬а 0462124400
­ЪЈЃFor more info .follow us on telegram :-
t.me/eahci",2024-10-04 10:17:03+00:00,
ETHIO-AMERICAN MEDICAL TRAININGS( CPD ) & HEALTH CONSULTANCY CENTER,eahci,2385,"­ЪњЦріљрїѕ рІГрїђрѕЮрѕФрѕЇ CPD_training_рѕѕрѕЂрѕЅрѕЮ_рїцріЊ_рЅБрѕѕрѕърІФрІјрЅй!!!
Рюћ№ИЈ#Title_Antimicrobial Drug Resistance 
#┬арѕўрѕхріерѕерѕЮ 25/2017 рїђрѕЮрѕ«┬а рІГрѕ░рїБрѕЇрЇб
#рѕѕрїцріЊ_рЅБрѕѕрѕърІФрІјрЅй_Oromia_Amhara_AA_Harari_SNNPR_Sidama_рѕІрѕІрЅйрѕЂрЇб
--------------------------------------------
­ЪЊ▒0965410000
­ЪЊ│0968670067
­ЪЊ▒0965412222
­ЪЊ│0942404444
­ЪЊ│0941404444┬а 
­ЪЊ│0462124400
┬а┬а┬а ­ЪџЕOrganized By-(Ethio-American CPD center & Health Consultancy.)
­ЪЈЃWe Are Committed To Excellence In Medical Trainings РЮЌ
-join our telegram channel 
T.me/eahci",2024-10-04 09:57:52+00:00,
ETHIO-AMERICAN MEDICAL TRAININGS( CPD ) & HEALTH CONSULTANCY CENTER,eahci,2384,"­ЪњЦ**CPD_training_рѕѕрѕЂрѕЅрѕЮ_рїцріЊ_рЅБрѕѕрѕърІФрІјрЅй!!!
Рюћ№ИЈ****#Title_Antimicrobial**** Drug Resistance **
#
рѕўрѕхріерѕерѕЮ 24/2017 рїђрѕЮрѕ«┬а рІГрѕ░рїБрѕЇрЇб
#рѕѕрїцріЊ_рЅБрѕѕрѕърІФрІјрЅй_Oromia_Amhara_AA_Harari_SNNPR_Sidama_рѕІрѕІрЅйрѕЂрЇб
--------------------------------------------
­ЪЊъ0965410000  Ekram
­ЪЊъ0968670067  Selam
­ЪЊъ0965412222  Dr.Shalom
­ЪЊъ0942404444
­ЪЊъ0941404444┬а 
­ЪЊ│0462124400  Office 
┬а┬а┬а ­ЪџЕOrganized By-(Ethio-American CPD center & Health Consultancy.)
­ЪЈЃWe Are Committed To Excellence In Medical Trainings РЮЌ№ИЈ
-join our telegram channel 
T.me/eahci",2024-10-03 06:46:52+00:00,
ETHIO-AMERICAN MEDICAL TRAININGS( CPD ) & HEALTH CONSULTANCY CENTER,eahci,2383,,2024-10-02 12:03:42+00:00,
ETHIO-AMERICAN MEDICAL TRAININGS( CPD ) & HEALTH CONSULTANCY CENTER,eahci,2382,"#Monitoring_And_Evaluation_Training 
­ЪњЦ Hawassa & Addis Ababa 
­ЪњЦTake Training on Blended mode 
­ЪњЦTrainers - M & E Guest Experts 
­ЪњЦCall­ЪЊъ0965412222 Dr.Shalom
­ЪњЦOnly for few trainees
РюЇ№ИЈAccredited",2024-10-02 09:13:24+00:00,
ETHIO-AMERICAN MEDICAL TRAININGS( CPD ) & HEALTH CONSULTANCY CENTER,eahci,2379,"#­ЪњЦріЦрѕЂрІх_Addis_Ababa_Ultrasound_Training)#CPD_рѕхрѕЇрїаріЊріЋ_ріерѕЮрѕГрїЦ_ріГрѕЁрѕјрЅх_рїІрѕГ_рІФрѕхрЅ░рѕ│рѕхрѕЕ )
 #Addis Ababa  рѕўрѕхріерѕерѕЮ 26  /2017 рїђрѕЮрѕ« рѕѕ 1 рѕ│рѕЮріЋрЅх рІГрѕ░рїБрѕЇ рЇб(ріеріГрѕЁрѕјрЅ▒ рЅБрѕ╗рїѕрѕГ рІе15CEU CPD Certificate┬а ріЦріЋрѕ░рїБрѕѕріЋрЇб)
----------------------------------------
РЈЕрѕ░рѕЇрїБріърЅй-Medical Doctors , Medical Rad.Technologists , HO, Bsc ,& Msc Midwifery.
РЈЕріарѕ░рѕЇрїБріърЅй-Rad & OBGYN specialists .

РюћріарІўрїІрїЁ-Ethio-American CPD center in collaboration with selected hospitals .
Call & Register 
­ЪЊъDr shalom 0965412222┬а┬а
­ЪЊъSelam        0968670067
­ЪЊъTinbit┬а┬а┬а┬а┬а┬а┬а  0942404444
­ЪЊъEkram        0965410000
┬а­ЪЊ│Office        0941404444 
┬а­ЪЊ│ Office┬а┬а┬а┬а┬а┬а 0462124400
­ЪЈЃFor more info .follow us on telegram :-
t.me/eahci",2024-10-01 09:03:45+00:00,
ETHIO-AMERICAN MEDICAL TRAININGS( CPD ) & HEALTH CONSULTANCY CENTER,eahci,2378,"­ЪњЦ CPD_training_рѕѕрѕЂрѕЅрѕЮ_рїцріЊ_рЅБрѕѕрѕърІФрІјрЅй!!!
Рюћ№ИЈ#Title_Antimicrobial Drug Resistance 
#┬арѕўрѕхріерѕерѕЮ 24/2017 рїђрѕЮрѕ«┬а рІГрѕ░рїБрѕЇрЇб
#рѕѕрїцріЊ_рЅБрѕѕрѕърІФрІјрЅй_Oromia_Amhara_AA_Harari_SNNPR_Sidama_рѕІрѕІрЅйрѕЂрЇб
--------------------------------------------
­ЪЊ▒0968670067
­ЪЊ│0942404444┬а Tinbit
­ЪЊ▒0965410000
­ЪЊ│0965412222┬а
­ЪЊ│0941404444┬а 
­ЪЊ│0462124400
┬а┬а┬а ­ЪџЕOrganized By-(Ethio-American CPD center & Health Consultancy.)
­ЪЈЃWe Are Committed To Excellence In Medical Trainings РЮЌ
-join our telegram channel 
T.me/eahci",2024-09-30 07:47:20+00:00,
ETHIO-AMERICAN MEDICAL TRAININGS( CPD ) & HEALTH CONSULTANCY CENTER,eahci,2377,"­ЪњЦ ріЦріЋрІ│рІФрѕўрѕЇрїЦрІјРђ╝№ИЈ­ЪњЦ
­ЪЉЅ┬а рЇѕрїЦріљрІЇ рІГрѕўрІЮрїѕрЅА !!

Dental Extraction & Care Training 
┬а┬а┬а┬а┬а┬а┬а┬а┬а┬а┬а┬а┬а┬а┬а┬а┬а┬а┬а┬а @ Hawassa 
­ЪЉЅрѕўрѕхріерѕерѕЮ 26/ 2017рїђрѕЮрѕ«┬а рІГрѕ░рїБрѕЇрЇб 
---------------------------------------------

РюћріарІўрїІрїЁ-Ethio-American CPD center in collaboration with selected hospitals .

Call & Register ┬а

┬а┬а Рўј№ИЈ┬а0968670067
┬а┬а Рўј№ИЈ0965410000
┬а┬а Рўј№ИЈ0941404444
┬а┬а┬аРўј№ИЈ0965412222 

­ЪЈЃFor more info .follow us on telegram :-
t.me/eahci",2024-09-30 07:17:37+00:00,
ETHIO-AMERICAN MEDICAL TRAININGS( CPD ) & HEALTH CONSULTANCY CENTER,eahci,2376,"#­ЪњЦрІЏрѕг рІГрїђрѕЮрѕФрѕЇ
#рІерѕърІФ_рЇѕрЅЃрІх_рѕѕрѕЏрѕ│рІ░рѕх_рІГрѕўрІЮрїѕрЅА­ЪњЦ┬а┬а
#Title= MEDICAL ETHICS 
­ЪњЦ15CEU
­ЪЉЅ рѕўрѕхріерѕерѕЮ 20 / 2017 рІГрїђрѕўрѕФрѕЇ рЇб
рѕѕрѕЂрѕЅрѕЮ рїцріЊ рЅБрѕѕрѕърІФрІјрЅй рЅарѕЂрѕЅрѕЮ ріГрѕЇрѕјрЅйріЊ ріерЅ░рѕърЅй рѕІрѕІрЅйрѕЂрЇб
--------------------------------------------

­ЪЊ▒0965410000
­ЪЊ▒0968670067┬а 
­ЪЊ▒0942404444┬а 
­ЪЊ▒0941404444┬а
­ЪЊ▒0965412222┬а┬а 
­ЪЊ▒0462124400┬а┬а┬а
┬а┬а┬а Ethio-American CPD center & Health Consultancy.
­ЪЈЃWe Are Committed To Excellence In Medical Trainings РЮЌ
-join our telegram channel 
T.me/eahci",2024-09-28 16:44:20+00:00,
